Index,Filename,Roll,Min/Max,Min,Max,Diff,y_proba,Neg,Pos,mprob,TN,FP,FN,TP,FP/P
1272,AdaBoost_Hard_Run_3_Round_5,mProb_1,Min,0.49949,0.50548,0.005990000000000051,0.49949,116.0,114.0,0.4956521739130435,590954,14656,93134,14822,0.1357590129311942
1827,AdaBoost_Hard_Run_3_Round_5,mProb_1,Max,0.49949,0.50548,0.005990000000000051,0.50548,1.0,1.0,0.5,605605,5,107942,14,4.6315165437770945e-05
1357,AdaBoost_Hard_Run_3_Round_5,mProb_10,Min,0.50034,0.50202,0.0016800000000000148,0.50034,632.0,620.0,0.4952076677316294,598529,7081,99503,8453,0.06559153729297121
1525,AdaBoost_Hard_Run_3_Round_5,mProb_10,Max,0.50034,0.50202,0.0016800000000000148,0.50202,165.0,164.0,0.49848024316109424,604220,1390,105537,2419,0.012875615991700323
1375,AdaBoost_Hard_Run_3_Round_5,mProb_20,Min,0.50052,0.50102,0.000500000000000056,0.50052,1099.0,1063.0,0.49167437557816834,599620,5990,100496,7460,0.05548556819444959
1425,AdaBoost_Hard_Run_3_Round_5,mProb_20,Max,0.50052,0.50102,0.000500000000000056,0.50102,757.0,784.0,0.508760545100584,601871,3739,102778,5178,0.03463448071436511
1370,AdaBoost_Hard_Run_3_Round_5,mProb_50,Min,0.50047,0.50097,0.000500000000000056,0.50047,2896.0,2792.0,0.4908579465541491,599332,6278,100225,7731,0.0581533217236652
1420,AdaBoost_Hard_Run_3_Round_5,mProb_50,Max,0.50047,0.50097,0.000500000000000056,0.50097,1917.0,1993.0,0.5097186700767263,601679,3931,102575,5381,0.03641298306717552
1381,AdaBoost_Hard_Run_3_Round_5,mProb_100,Min,0.50058,0.50091,0.00032999999999994145,0.50058,5453.0,5249.0,0.49046907120164457,599939,5671,100823,7133,0.052530660639519805
1414,AdaBoost_Hard_Run_3_Round_5,mProb_100,Max,0.50058,0.50091,0.00032999999999994145,0.50091,4055.0,4220.0,0.5099697885196375,601419,4191,102344,5612,0.038821371669939604
1397,AdaBoost_Hard_Run_3_Round_5,mProb_200,Min,0.50074,0.50115,0.00041000000000002146,0.50074,10127.0,9739.0,0.49023457162992046,600666,4944,101611,6345,0.04579643558486791
1438,AdaBoost_Hard_Run_3_Round_5,mProb_200,Max,0.50074,0.50115,0.00041000000000002146,0.50115,7268.0,7549.0,0.5094823513531754,602302,3308,103267,4689,0.030642113453629258
1501,AdaBoost_Hard_Run_3_Round_5,mProb_500,Min,0.50178,0.50217,0.00039000000000000146,0.50178,17531.0,16866.0,0.4903334593133122,603831,1779,105066,2890,0.016478935862758903
1540,AdaBoost_Hard_Run_3_Round_5,mProb_500,Max,0.50178,0.50217,0.00039000000000000146,0.50217,12707.0,13214.0,0.509779715288762,604425,1185,105826,2130,0.010976694208751714
1012,AdaBoost_Medium_Run_3_Round_5,mProb_1,Min,0.49951,0.50274,0.003229999999999955,0.49951,80.0,81.0,0.5031055900621118,597225,8385,100116,7840,0.07767053243914188
1328,AdaBoost_Medium_Run_3_Round_5,mProb_1,Max,0.49951,0.50274,0.003229999999999955,0.50274,1.0,1.0,0.5,605608,2,107949,7,1.8526066175108377e-05
1068,AdaBoost_Medium_Run_3_Round_5,mProb_10,Min,0.50007,0.50254,0.0024699999999999722,0.50007,568.0,551.0,0.4924039320822163,601416,4194,103600,4356,0.038849160769202265
1312,AdaBoost_Medium_Run_3_Round_5,mProb_10,Max,0.50007,0.50254,0.0024699999999999722,0.50254,7.0,7.0,0.5,605603,7,107936,20,6.484123161287932e-05
1066,AdaBoost_Medium_Run_3_Round_5,mProb_20,Min,0.50005,0.5025,0.002449999999999952,0.50005,1190.0,1145.0,0.49036402569593146,601314,4296,103488,4468,0.0397939901441328
1308,AdaBoost_Medium_Run_3_Round_5,mProb_20,Max,0.50005,0.5025,0.002449999999999952,0.5025,16.0,16.0,0.5,605599,11,107935,21,0.00010189336396309608
1085,AdaBoost_Medium_Run_3_Round_5,mProb_50,Min,0.50024,0.5009,0.0006599999999999939,0.50024,2452.0,2362.0,0.4906522642293311,602323,3287,104490,3466,0.030447589758790618
1151,AdaBoost_Medium_Run_3_Round_5,mProb_50,Max,0.50024,0.5009,0.0006599999999999939,0.5009,1160.0,1198.0,0.5080576759966073,604516,1094,106647,1309,0.010133758197784282
1104,AdaBoost_Medium_Run_3_Round_5,mProb_100,Min,0.50043,0.50093,0.0004999999999999449,0.50043,4100.0,3955.0,0.4909993792675357,603127,2483,105278,2678,0.02300011115639705
1154,AdaBoost_Medium_Run_3_Round_5,mProb_100,Max,0.50043,0.50093,0.0004999999999999449,0.50093,2193.0,2274.0,0.5090664875755541,604581,1029,106732,1224,0.00953166104709326
1132,AdaBoost_Medium_Run_3_Round_5,mProb_200,Min,0.50071,0.50123,0.0005199999999999649,0.50071,6632.0,6376.0,0.490159901599016,604020,1590,106145,1811,0.01472822260921116
1184,AdaBoost_Medium_Run_3_Round_5,mProb_200,Max,0.50071,0.50123,0.0005199999999999649,0.50123,3366.0,3500.0,0.5097582289542674,605091,519,107291,665,0.004807514172440624
128,AdaBoost_Easy_Run_3_Round_6,mProb_1,Min,0.492193,0.499748,0.007555000000000034,0.492193,1.0,1.0,0.5,372,605238,10,107946,5.606339619845122
7185,AdaBoost_Easy_Run_3_Round_6,mProb_1,Max,0.492193,0.499748,0.007555000000000034,0.499748,1.0,1.0,0.5,605610,0,107955,1,0.0
6951,AdaBoost_Easy_Run_3_Round_6,mProb_10,Min,0.499074,0.499486,0.00041199999999996795,0.499074,38.0,38.0,0.5,604897,713,107523,433,0.006604542591426137
7168,AdaBoost_Easy_Run_3_Round_6,mProb_10,Max,0.499074,0.499486,0.00041199999999996795,0.499486,6.0,6.0,0.5,605600,10,107944,12,9.263033087554189e-05
7160,AdaBoost_Easy_Run_3_Round_6,mProb_20,Min,0.499412,0.499574,0.00016199999999999548,0.499412,23.0,23.0,0.5,605593,17,107937,19,0.00015747156248842122
7176,AdaBoost_Easy_Run_3_Round_6,mProb_20,Max,0.499412,0.499574,0.00016199999999999548,0.499574,12.0,12.0,0.5,605605,5,107947,9,4.6315165437770945e-05
110,BalBag_Hard_Run_3_Round_4,mProb_1,Min,0.5717,0.96,0.3883,0.5717,1.0,1.0,0.5,505454,100156,50294,57662,0.9277483419170773
225,BalBag_Hard_Run_3_Round_4,mProb_1,Max,0.5717,0.96,0.3883,0.96,1.0,1.0,0.5,602297,3313,101369,6587,0.030688428619067027
207,BalBag_Hard_Run_3_Round_4,mProb_50,Min,0.8857,0.8857,0.0,0.8857,28798.0,29767.0,0.5082728592162554,593545,12065,90837,17119,0.11175849420134129
207,BalBag_Hard_Run_3_Round_4,mProb_50,Max,0.8857,0.8857,0.0,0.8857,28798.0,29767.0,0.5082728592162554,593545,12065,90837,17119,0.11175849420134129
9,BalBag_Medium_Run_3_Round_4,mProb_1,Min,0.0325,0.9764,0.9439000000000001,0.0325,1.0,1.0,0.5,54918,550692,2683,105273,5.101078217051391
1945,BalBag_Medium_Run_3_Round_4,mProb_1,Max,0.0325,0.9764,0.9439000000000001,0.9764,1.0,1.0,0.5,601354,4256,103335,4621,0.03942346882063063
1942,BalBag_Medium_Run_3_Round_4,mProb_20,Min,0.9717,0.9717,0.0,0.9717,4722.0,4891.0,0.5087901799646313,601223,4387,103258,4698,0.04063692615510023
1942,BalBag_Medium_Run_3_Round_4,mProb_20,Max,0.9717,0.9717,0.0,0.9717,4722.0,4891.0,0.5087901799646313,601223,4387,103258,4698,0.04063692615510023
1927,BalBag_Medium_Run_3_Round_4,mProb_50,Min,0.955,0.955,0.0,0.955,5337.0,5207.0,0.4938353566009105,600887,4723,103062,4894,0.043749305272518434
1927,BalBag_Medium_Run_3_Round_4,mProb_50,Max,0.955,0.955,0.0,0.955,5337.0,5207.0,0.4938353566009105,600887,4723,103062,4894,0.043749305272518434
24,BalBag_Easy_Run_3_Round_4,mProb_1,Min,0.0119,0.9889,0.977,0.0119,1.0,1.0,0.5,28018,577592,1942,106014,5.350253807106599
9106,BalBag_Easy_Run_3_Round_4,mProb_1,Max,0.0119,0.9889,0.977,0.9889,14.0,14.0,0.5,604812,798,107107,849,0.0073919004038682425
8925,BalBag_Easy_Run_3_Round_4,mProb_10,Min,0.9437,0.9909,0.04720000000000002,0.9437,49.0,49.0,0.5,603172,2438,105929,2027,0.02258327466745711
9108,BalBag_Easy_Run_3_Round_4,mProb_10,Max,0.9437,0.9909,0.04720000000000002,0.9909,109.0,112.0,0.5067873303167421,604823,787,107122,834,0.007290007039905146
9068,BalBag_Easy_Run_3_Round_4,mProb_20,Min,0.9714,0.9882,0.016799999999999926,0.9714,82.0,79.0,0.4906832298136646,604296,1314,106730,1226,0.012171625477046205
9105,BalBag_Easy_Run_3_Round_4,mProb_20,Max,0.9714,0.9882,0.016799999999999926,0.9882,963.0,999.0,0.5091743119266054,604798,812,107093,863,0.007521582867094001
136,BRFC_alpha_0_5_Hard_Run_3_Round_4,mProb_1,Min,0.1217,0.9867,0.865,0.1217,1.0,1.0,0.5,44427,561183,558,107398,5.198256697172923
3139,BRFC_alpha_0_5_Hard_Run_3_Round_4,mProb_1,Max,0.1217,0.9867,0.865,0.9867,1.0,1.0,0.5,605558,52,107628,328,0.00048167772055281784
2292,BRFC_alpha_0_5_Hard_Run_3_Round_4,mProb_10,Min,0.7016,0.8788,0.17720000000000002,0.7016,27.0,26.0,0.49056603773584906,569414,36196,68137,39819,0.3352847456371114
2951,BRFC_alpha_0_5_Hard_Run_3_Round_4,mProb_10,Max,0.7016,0.8788,0.17720000000000002,0.8788,14.0,14.0,0.5,601262,4348,97009,10947,0.040275667864685616
2555,BRFC_alpha_0_5_Hard_Run_3_Round_4,mProb_20,Min,0.7675,0.813,0.045499999999999985,0.7675,65.0,64.0,0.49612403100775193,586126,19484,79141,28815,0.18048093667790582
2733,BRFC_alpha_0_5_Hard_Run_3_Round_4,mProb_20,Max,0.7675,0.813,0.045499999999999985,0.813,74.0,75.0,0.5033557046979866,594771,10839,87508,20448,0.10040201563599985
2642,BRFC_alpha_0_5_Hard_Run_3_Round_4,mProb_50,Min,0.7891,0.796,0.006900000000000017,0.7891,1838.0,1768.0,0.49029395452024405,590086,15524,82579,25377,0.14379932565119122
2672,BRFC_alpha_0_5_Hard_Run_3_Round_4,mProb_50,Max,0.7891,0.796,0.006900000000000017,0.796,3227.0,3271.0,0.5033856571252693,591831,13779,84263,23693,0.12763533291340917
2635,BRFC_alpha_0_5_Hard_Run_3_Round_4,mProb_100,Min,0.7873,0.795,0.00770000000000004,0.7873,5157.0,4981.0,0.4913197869402249,590059,15551,82562,25394,0.1440494275445552
2668,BRFC_alpha_0_5_Hard_Run_3_Round_4,mProb_100,Max,0.7873,0.795,0.00770000000000004,0.795,3443.0,3526.0,0.505954943320419,591822,13788,84258,23698,0.12771870021119716
2628,BRFC_alpha_0_5_Hard_Run_3_Round_4,mProb_200,Min,0.7855,0.8025,0.017000000000000015,0.7855,8807.0,8503.0,0.49121894858463316,590038,15572,82533,25423,0.14424395123939382
2691,BRFC_alpha_0_5_Hard_Run_3_Round_4,mProb_200,Max,0.7855,0.8025,0.017000000000000015,0.8025,8111.0,8441.0,0.5099685838569357,593291,12319,85830,22126,0.11411130460558006
2657,BRFC_alpha_0_5_Hard_Run_3_Round_4,mProb_500,Min,0.7918,0.806,0.014200000000000101,0.7918,21945.0,21880.0,0.49925841414717625,591766,13844,84174,23782,0.12823743006410018
2703,BRFC_alpha_0_5_Hard_Run_3_Round_4,mProb_500,Max,0.7918,0.806,0.014200000000000101,0.806,22504.0,23230.0,0.5079372020816023,593371,12239,85919,22037,0.11337026195857572
26,BRFC_alpha_0_5_Medium_Run_3_Round_4,mProb_1,Min,0.0156,0.9967,0.9811000000000001,0.0156,1.0,1.0,0.5,954,604656,17,107939,5.6009485345881656
9004,BRFC_alpha_0_5_Medium_Run_3_Round_4,mProb_1,Max,0.0156,0.9967,0.9811000000000001,0.9967,2.0,2.0,0.5,605567,43,107788,168,0.0003983104227648301
8159,BRFC_alpha_0_5_Medium_Run_3_Round_4,mProb_10,Min,0.8695,0.968,0.09849999999999992,0.8695,675.0,686.0,0.5040411462160176,596982,8628,98222,9734,0.07992144947941754
8929,BRFC_alpha_0_5_Medium_Run_3_Round_4,mProb_10,Max,0.8695,0.968,0.09849999999999992,0.968,11.0,11.0,0.5,605083,527,106826,1130,0.004881618437141058
8154,BRFC_alpha_0_5_Medium_Run_3_Round_4,mProb_20,Min,0.8689,0.9482,0.07930000000000004,0.8689,752.0,736.0,0.4946236559139785,596939,8671,98195,9761,0.08031975990218237
8823,BRFC_alpha_0_5_Medium_Run_3_Round_4,mProb_20,Max,0.8689,0.9482,0.07930000000000004,0.9482,39.0,38.0,0.4935064935064935,604437,1173,105828,2128,0.010865537811701064
8236,BRFC_alpha_0_5_Medium_Run_3_Round_4,mProb_50,Min,0.8781,0.936,0.05790000000000006,0.8781,890.0,858.0,0.49084668192219677,598375,7235,99424,8532,0.06701804438845456
8734,BRFC_alpha_0_5_Medium_Run_3_Round_4,mProb_50,Max,0.8781,0.936,0.05790000000000006,0.936,200.0,206.0,0.5073891625615764,603882,1728,105099,2857,0.016006521175293636
8294,BRFC_alpha_0_5_Medium_Run_3_Round_4,mProb_100,Min,0.8844,0.9137,0.029299999999999993,0.8844,1805.0,1787.0,0.4974944320712695,599282,6328,100298,7658,0.058616473378042905
8558,BRFC_alpha_0_5_Medium_Run_3_Round_4,mProb_100,Max,0.8844,0.9137,0.029299999999999993,0.9137,950.0,988.0,0.5098039215686274,602378,3232,103373,4583,0.029938122938975138
8398,BRFC_alpha_0_5_Medium_Run_3_Round_4,mProb_200,Min,0.8958,0.908,0.012199999999999989,0.8958,2395.0,2305.0,0.49042553191489363,600620,4990,101525,6431,0.046222535106895404
8510,BRFC_alpha_0_5_Medium_Run_3_Round_4,mProb_200,Max,0.8958,0.908,0.012199999999999989,0.908,1963.0,2033.0,0.5087587587587588,601734,3876,102655,5301,0.03590351624736004
8361,BRFC_alpha_0_5_Medium_Run_3_Round_4,mProb_500,Min,0.892,0.9082,0.016199999999999992,0.892,6592.0,6354.0,0.49080797157423145,600318,5292,101308,6648,0.049019971099336763
8511,BRFC_alpha_0_5_Medium_Run_3_Round_4,mProb_500,Max,0.892,0.9082,0.016199999999999992,0.9082,4934.0,5067.0,0.5066493350664933,601735,3875,102657,5299,0.03589425321427248
8394,BRFC_alpha_0_5_Medium_Run_3_Round_4,mProb_1000,Min,0.8954,0.9066,0.011199999999999988,0.8954,12411.0,11949.0,0.49051724137931035,600605,5005,101517,6439,0.046361480603208716
8496,BRFC_alpha_0_5_Medium_Run_3_Round_4,mProb_1000,Max,0.8954,0.9066,0.011199999999999988,0.9066,10930.0,11253.0,0.5072803498174278,601656,3954,102565,5391,0.03662603282818926
8040,BRFC_alpha_0_5_Easy_Run_3_Round_4,mProb_1,Min,0.8049,0.9995,0.1946000000000001,0.8049,11.0,11.0,0.5,585543,20067,96511,11445,0.1858812849679499
9882,BRFC_alpha_0_5_Easy_Run_3_Round_4,mProb_1,Max,0.8049,0.9995,0.1946000000000001,0.9995,1.0,1.0,0.5,605527,83,107839,117,0.0007688317462669976
9017,BRFC_alpha_0_5_Easy_Run_3_Round_4,mProb_10,Min,0.9026,0.9946,0.09200000000000008,0.9026,62.0,63.0,0.504,601715,3895,104638,3318,0.03607951387602357
9862,BRFC_alpha_0_5_Easy_Run_3_Round_4,mProb_10,Max,0.9026,0.9946,0.09200000000000008,0.9946,22.0,22.0,0.5,605493,117,107785,171,0.0010837748712438401
9235,BRFC_alpha_0_5_Easy_Run_3_Round_4,mProb_20,Min,0.9244,0.9873,0.06289999999999996,0.9244,91.0,89.0,0.49444444444444446,603287,2323,105725,2231,0.02151802586238838
9824,BRFC_alpha_0_5_Easy_Run_3_Round_4,mProb_20,Max,0.9244,0.9873,0.06289999999999996,0.9873,44.0,44.0,0.5,605416,194,107672,284,0.0017970284189855125
9357,BRFC_alpha_0_5_Easy_Run_3_Round_4,mProb_50,Min,0.9366,0.9837,0.04710000000000003,0.9366,230.0,221.0,0.49002217294900224,603923,1687,106232,1724,0.015626736818703916
9800,BRFC_alpha_0_5_Easy_Run_3_Round_4,mProb_50,Max,0.9366,0.9837,0.04710000000000003,0.9837,94.0,96.0,0.5052631578947369,605368,242,107634,322,0.002241654007188114
9549,BRFC_alpha_0_5_Easy_Run_3_Round_4,mProb_100,Min,0.9562,0.9707,0.014499999999999957,0.9562,330.0,320.0,0.49230769230769234,604728,882,106911,1045,0.008169995183222794
9691,BRFC_alpha_0_5_Easy_Run_3_Round_4,mProb_100,Max,0.9562,0.9707,0.014499999999999957,0.9707,270.0,281.0,0.5099818511796733,605144,466,107344,612,0.004316573418800252
9554,BRFC_alpha_0_5_Easy_Run_3_Round_4,mProb_200,Min,0.9567,0.9638,0.007099999999999995,0.9567,669.0,644.0,0.49047981721249045,604739,871,106921,1035,0.008068101819259698
9625,BRFC_alpha_0_5_Easy_Run_3_Round_4,mProb_200,Max,0.9567,0.9638,0.007099999999999995,0.9638,572.0,595.0,0.5098543273350471,604943,667,107154,802,0.0061784430693986436
9573,BRFC_alpha_0_5_Easy_Run_3_Round_4,mProb_500,Min,0.9586,0.9647,0.006099999999999994,0.9586,1661.0,1596.0,0.4900214921707092,604808,802,106977,979,0.007428952536218459
9634,BRFC_alpha_0_5_Easy_Run_3_Round_4,mProb_500,Max,0.9586,0.9647,0.006099999999999994,0.9647,1563.0,1620.0,0.5089538171536286,604966,644,107185,771,0.005965393308384898
301,BRFC_alpha_balanced_Hard_Run_3_Round_4,mProb_1,Min,0.185,0.9941,0.8090999999999999,0.185,1.0,1.0,0.5,102322,503288,1852,106104,4.661973396568973
4014,BRFC_alpha_balanced_Hard_Run_3_Round_4,mProb_1,Max,0.185,0.9941,0.8090999999999999,0.9941,1.0,1.0,0.5,605598,12,107831,125,0.00011115639705065027
2534,BRFC_alpha_balanced_Hard_Run_3_Round_4,mProb_10,Min,0.6566,0.9449,0.2883,0.6566,26.0,25.0,0.49019607843137253,553610,52000,60894,47062,0.4816777205528178
3933,BRFC_alpha_balanced_Hard_Run_3_Round_4,mProb_10,Max,0.6566,0.9449,0.2883,0.9449,5.0,5.0,0.5,604914,696,105561,2395,0.0064470710289377155
2923,BRFC_alpha_balanced_Hard_Run_3_Round_4,mProb_20,Min,0.7262,0.876,0.14980000000000004,0.7262,59.0,57.0,0.49137931034482757,577662,27948,73351,34605,0.25888324873096447
3711,BRFC_alpha_balanced_Hard_Run_3_Round_4,mProb_20,Max,0.7262,0.876,0.14980000000000004,0.876,23.0,23.0,0.5,601301,4309,97199,10757,0.039914409574271
3212,BRFC_alpha_balanced_Hard_Run_3_Round_4,mProb_50,Min,0.7758,0.8062,0.030399999999999983,0.7758,143.0,140.0,0.49469964664310956,588763,16847,81683,26273,0.1560543184260254
3378,BRFC_alpha_balanced_Hard_Run_3_Round_4,mProb_50,Max,0.7758,0.8062,0.030399999999999983,0.8062,1531.0,1550.0,0.5030834144758195,593771,11839,86622,21334,0.10966504872355404
3238,BRFC_alpha_balanced_Hard_Run_3_Round_4,mProb_100,Min,0.7794,0.7998,0.020399999999999974,0.7794,1832.0,1762.0,0.4902615470228158,588896,16714,81812,26144,0.1548223350253807
3353,BRFC_alpha_balanced_Hard_Run_3_Round_4,mProb_100,Max,0.7794,0.7998,0.020399999999999974,0.7998,1686.0,1699.0,0.50192023633678,592332,13278,85188,22768,0.12299455333654452
3284,BRFC_alpha_balanced_Hard_Run_3_Round_4,mProb_200,Min,0.7873,0.7986,0.011299999999999977,0.7873,5040.0,4969.0,0.4964531921270856,590563,15047,83406,24550,0.13938085886842788
3342,BRFC_alpha_balanced_Hard_Run_3_Round_4,mProb_200,Max,0.7873,0.7986,0.011299999999999977,0.7986,6228.0,6413.0,0.507317459061783,592287,13323,85145,22811,0.12341138982548445
3263,BRFC_alpha_balanced_Hard_Run_3_Round_4,mProb_500,Min,0.7845,0.7974,0.012900000000000023,0.7845,14948.0,14529.0,0.4928927638497812,590538,15072,83384,24572,0.13961243469561674
3335,BRFC_alpha_balanced_Hard_Run_3_Round_4,mProb_500,Max,0.7845,0.7974,0.012900000000000023,0.7974,13815.0,14376.0,0.5099499840374587,592231,13379,85086,22870,0.12393011967838749
3280,BRFC_alpha_balanced_Hard_Run_3_Round_4,mProb_1000,Min,0.7868,0.797,0.010199999999999987,0.7868,30826.0,30069.0,0.4937843829542655,590559,15051,83399,24557,0.1394179110007781
3331,BRFC_alpha_balanced_Hard_Run_3_Round_4,mProb_1000,Max,0.7868,0.797,0.010199999999999987,0.797,31144.0,31287.0,0.5011452643718666,592215,13395,85065,22891,0.12407832820778836
27,BRFC_alpha_balanced_Medium_Run_3_Round_4,mProb_1,Min,0.0184,0.9994,0.981,0.0184,1.0,1.0,0.5,839,604771,10,107946,5.602013783393234
9441,BRFC_alpha_balanced_Medium_Run_3_Round_4,mProb_1,Max,0.0184,0.9994,0.981,0.9994,1.0,1.0,0.5,605566,44,107806,150,0.0004075734558523843
8183,BRFC_alpha_balanced_Medium_Run_3_Round_4,mProb_10,Min,0.8596,0.9937,0.1341,0.8596,760.0,747.0,0.49568679495686796,592993,12617,96315,11641,0.1168716884656712
9426,BRFC_alpha_balanced_Medium_Run_3_Round_4,mProb_10,Max,0.8596,0.9937,0.1341,0.9937,11.0,11.0,0.5,605554,56,107785,171,0.0005187298529030345
8278,BRFC_alpha_balanced_Medium_Run_3_Round_4,mProb_20,Min,0.8691,0.9838,0.11470000000000002,0.8691,892.0,871.0,0.49404424276800907,594614,10996,97559,10397,0.10185631183074587
9372,BRFC_alpha_balanced_Medium_Run_3_Round_4,mProb_20,Max,0.8691,0.9838,0.11470000000000002,0.9838,21.0,21.0,0.5,605394,216,107511,445,0.0020008151469117046
8363,BRFC_alpha_balanced_Medium_Run_3_Round_4,mProb_50,Min,0.8776,0.9126,0.03499999999999992,0.8776,1168.0,1144.0,0.49480968858131485,595996,9614,98611,9345,0.08905480010374597
8712,BRFC_alpha_balanced_Medium_Run_3_Round_4,mProb_50,Max,0.8776,0.9126,0.03499999999999992,0.9126,580.0,591.0,0.5046968403074296,600875,4735,102881,5075,0.043860461669569084
8737,BRFC_alpha_balanced_Medium_Run_3_Round_4,mProb_100,Min,0.9151,0.9592,0.04410000000000003,0.9151,1348.0,1395.0,0.5085672621217645,601021,4589,102937,5019,0.042508058838786174
9171,BRFC_alpha_balanced_Medium_Run_3_Round_4,mProb_100,Max,0.9151,0.9592,0.04410000000000003,0.9592,546.0,566.0,0.5089928057553957,604406,1204,106256,1700,0.011152691837415244
8786,BRFC_alpha_balanced_Medium_Run_3_Round_4,mProb_200,Min,0.92,0.9479,0.027899999999999925,0.92,2240.0,2244.0,0.5004460303300624,601785,3825,103741,4215,0.03543110155989477
9061,BRFC_alpha_balanced_Medium_Run_3_Round_4,mProb_200,Max,0.92,0.9479,0.027899999999999925,0.9479,1344.0,1397.0,0.5096680043779642,603739,1871,105536,2420,0.017331134906813886
8833,BRFC_alpha_balanced_Medium_Run_3_Round_4,mProb_500,Min,0.9248,0.9483,0.023500000000000076,0.9248,4893.0,4767.0,0.4934782608695652,602007,3603,103847,4109,0.03337470821445774
9065,BRFC_alpha_balanced_Medium_Run_3_Round_4,mProb_500,Max,0.9248,0.9483,0.023500000000000076,0.9483,3217.0,3343.0,0.5096036585365854,603757,1853,105543,2413,0.01716440031123791
8913,BRFC_alpha_balanced_Medium_Run_3_Round_4,mProb_1000,Min,0.9329,0.9359,0.0030000000000000027,0.9329,8507.0,8175.0,0.4900491547776046,602761,2849,104631,3325,0.026390381266441883
8943,BRFC_alpha_balanced_Medium_Run_3_Round_4,mProb_1000,Max,0.9329,0.9359,0.0030000000000000027,0.9359,8354.0,8259.0,0.4971407933546018,602911,2699,104709,3247,0.025000926303308756
592,BRFC_alpha_balanced_Easy_Run_3_Round_4,mProb_1,Min,0.0654,0.9993,0.9339,0.0654,2.0,2.0,0.5,15523,590087,834,107122,5.465995405535589
9923,BRFC_alpha_balanced_Easy_Run_3_Round_4,mProb_1,Max,0.0654,0.9993,0.9339,0.9993,1.0,1.0,0.5,605504,106,107818,138,0.000981881507280744
9737,BRFC_alpha_balanced_Easy_Run_3_Round_4,mProb_10,Min,0.98,0.9992,0.019199999999999995,0.98,159.0,155.0,0.49363057324840764,604004,1606,106392,1564,0.014876431138612027
9922,BRFC_alpha_balanced_Easy_Run_3_Round_4,mProb_10,Max,0.98,0.9992,0.019199999999999995,0.9992,32.0,33.0,0.5076923076923077,605503,107,107817,139,0.0009911445403682983
9797,BRFC_alpha_balanced_Easy_Run_3_Round_4,mProb_20,Min,0.986,0.9986,0.012600000000000056,0.986,206.0,198.0,0.4900990099009901,604727,883,106986,970,0.008179258216310348
9917,BRFC_alpha_balanced_Easy_Run_3_Round_4,mProb_20,Max,0.986,0.9986,0.012600000000000056,0.9986,63.0,65.0,0.5078125,605488,122,107800,156,0.0011300900366816111
9808,BRFC_alpha_balanced_Easy_Run_3_Round_4,mProb_50,Min,0.9871,0.9949,0.007800000000000029,0.9871,514.0,495.0,0.4905847373637265,604829,781,107075,881,0.007234428841379821
9885,BRFC_alpha_balanced_Easy_Run_3_Round_4,mProb_50,Max,0.9871,0.9949,0.007800000000000029,0.9949,225.0,228.0,0.5033112582781457,605373,237,107673,283,0.002195338841750343
9801,BRFC_alpha_balanced_Easy_Run_3_Round_4,mProb_100,Min,0.9864,0.9899,0.0034999999999999476,0.9864,1001.0,963.0,0.49032586558044805,604751,859,107013,943,0.007956945422209049
9836,BRFC_alpha_balanced_Easy_Run_3_Round_4,mProb_100,Max,0.9864,0.9899,0.0034999999999999476,0.9899,795.0,826.0,0.5095619987661937,605083,527,107345,611,0.004881618437141058
9830,BRFC_alpha_balanced_Easy_Run_3_Round_4,mProb_200,Min,0.9893,0.9893,0.0,0.9893,1750.0,1697.0,0.4923121554975341,605030,580,107294,662,0.0053725591907814296
9830,BRFC_alpha_balanced_Easy_Run_3_Round_4,mProb_200,Max,0.9893,0.9893,0.0,0.9893,1750.0,1697.0,0.4923121554975341,605030,580,107294,662,0.0053725591907814296
175,EEC_Hard_Run_3_Round_4,mProb_1,Min,0.4718,0.5915,0.11970000000000003,0.4718,1.0,1.0,0.5,127448,478162,5041,102915,4.429230427211086
1035,EEC_Hard_Run_3_Round_4,mProb_1,Max,0.4718,0.5915,0.11970000000000003,0.5915,5.0,5.0,0.5,605605,5,107951,5,4.6315165437770945e-05
876,EEC_Hard_Run_3_Round_4,mProb_10,Min,0.5477,0.5609,0.01319999999999999,0.5477,1493.0,1448.0,0.49234954097245837,598343,7267,100549,7407,0.0673144614472563
959,EEC_Hard_Run_3_Round_4,mProb_10,Max,0.5477,0.5609,0.01319999999999999,0.5609,500.0,507.0,0.5034756703078451,603974,1636,105899,2057,0.015154322131238653
874,EEC_Hard_Run_3_Round_4,mProb_20,Min,0.5473,0.5653,0.018000000000000016,0.5473,2164.0,2095.0,0.4918995069265086,598145,7465,100367,7589,0.06914854199859202
976,EEC_Hard_Run_3_Round_4,mProb_20,Max,0.5473,0.5653,0.018000000000000016,0.5653,354.0,345.0,0.49356223175965663,604353,1257,106183,1773,0.011643632591055615
932,EEC_Hard_Run_3_Round_4,mProb_50,Min,0.5563,0.5615,0.005199999999999982,0.5563,2104.0,2030.0,0.4910498306724722,603194,2416,105190,2766,0.02237948793953092
962,EEC_Hard_Run_3_Round_4,mProb_50,Max,0.5563,0.5615,0.005199999999999982,0.5615,1377.0,1433.0,0.5099644128113879,604114,1496,106012,1944,0.013857497498981066
943,EEC_Hard_Run_3_Round_4,mProb_100,Min,0.5585,0.5604,0.0019000000000000128,0.5585,3640.0,3560.0,0.49444444444444446,603528,2082,105434,2522,0.01928563488828782
955,EEC_Hard_Run_3_Round_4,mProb_100,Max,0.5585,0.5604,0.0019000000000000128,0.5604,3453.0,3583.0,0.5092382035247299,603695,1915,105610,2346,0.01773870836266627
926,EEC_Hard_Run_3_Round_4,mProb_200,Min,0.5543,0.5573,0.0030000000000000027,0.5543,10138.0,9748.0,0.49019410640651717,603098,2512,105078,2878,0.023268739115936122
938,EEC_Hard_Run_3_Round_4,mProb_200,Max,0.5543,0.5573,0.0030000000000000027,0.5573,9778.0,9587.0,0.4950684224115673,603400,2210,105273,2683,0.020471303123494756
450,EEC_Medium_Run_3_Round_4,mProb_1,Min,0.5064,0.5706,0.06420000000000003,0.5064,1.0,1.0,0.5,484223,121387,59637,48319,1.1244117973989403
936,EEC_Medium_Run_3_Round_4,mProb_1,Max,0.5064,0.5706,0.06420000000000003,0.5706,1.0,1.0,0.5,605610,0,107956,0,0.0
792,EEC_Medium_Run_3_Round_4,mProb_10,Min,0.5412,0.5575,0.01629999999999998,0.5412,883.0,866.0,0.49514008004574045,598583,7027,101923,6033,0.06509133350624328
914,EEC_Medium_Run_3_Round_4,mProb_10,Max,0.5412,0.5575,0.01629999999999998,0.5575,70.0,72.0,0.5070422535211268,605551,59,107877,79,0.0005465189521656972
831,EEC_Medium_Run_3_Round_4,mProb_20,Min,0.5455,0.554,0.008500000000000063,0.5455,357.0,354.0,0.4978902953586498,603496,2114,105957,1999,0.019582051947089556
890,EEC_Medium_Run_3_Round_4,mProb_20,Max,0.5455,0.554,0.008500000000000063,0.554,540.0,540.0,0.5,605408,202,107700,256,0.0018711326836859461
877,EEC_Medium_Run_3_Round_4,mProb_50,Min,0.5513,0.554,0.0027000000000000357,0.5513,1461.0,1408.0,0.4907633321714883,604812,798,107109,847,0.0073919004038682425
890,EEC_Medium_Run_3_Round_4,mProb_50,Max,0.5513,0.554,0.0027000000000000357,0.554,1088.0,1069.0,0.4955957348168753,605408,202,107700,256,0.0018711326836859461
701,EEC_Easy_Run_3_Round_5,mProb_1,Min,0.51038,0.51038,0.0,0.51038,2.0,2.0,0.5,484562,121048,66409,41547,1.1212716291822595
701,EEC_Easy_Run_3_Round_5,mProb_1,Max,0.51038,0.51038,0.0,0.51038,2.0,2.0,0.5,484562,121048,66409,41547,1.1212716291822595
3326,KBFC_alpha_0_5_gamma_0_0_Hard_Run_3_Round_4,mProb_1,Min,0.3326,0.926,0.5934,0.3326,24.0,24.0,0.5,563635,41975,70769,37187,0.38881581385008707
9038,KBFC_alpha_0_5_gamma_0_0_Hard_Run_3_Round_4,mProb_1,Max,0.3326,0.926,0.5934,0.926,1.0,1.0,0.5,605584,26,107858,98,0.00024083886027640892
4405,KBFC_alpha_0_5_gamma_0_0_Hard_Run_3_Round_4,mProb_10,Min,0.4405,0.9141,0.4736,0.4405,122.0,125.0,0.5060728744939271,586614,18996,84158,23798,0.17596057653117936
8983,KBFC_alpha_0_5_gamma_0_0_Hard_Run_3_Round_4,mProb_10,Max,0.4405,0.9141,0.4736,0.9141,9.0,9.0,0.5,605564,46,107799,157,0.00042609952202749267
4613,KBFC_alpha_0_5_gamma_0_0_Hard_Run_3_Round_4,mProb_20,Min,0.4613,0.6406,0.17929999999999996,0.4613,207.0,203.0,0.4951219512195122,589258,16352,86201,21755,0.1514691170476861
6406,KBFC_alpha_0_5_gamma_0_0_Hard_Run_3_Round_4,mProb_20,Max,0.4613,0.6406,0.17929999999999996,0.6406,80.0,83.0,0.50920245398773,601334,4276,98668,9288,0.03960872948238171
4895,KBFC_alpha_0_5_gamma_0_0_Hard_Run_3_Round_4,mProb_50,Min,0.4895,0.5646,0.0751,0.4895,450.0,434.0,0.49095022624434387,592328,13282,88693,19263,0.12303160546889473
5646,KBFC_alpha_0_5_gamma_0_0_Hard_Run_3_Round_4,mProb_50,Max,0.4895,0.5646,0.0751,0.5646,300.0,307.0,0.5057660626029654,597964,7646,94356,13600,0.07082515098743933
5054,KBFC_alpha_0_5_gamma_0_0_Hard_Run_3_Round_4,mProb_100,Min,0.5054,0.5488,0.043399999999999994,0.5054,844.0,816.0,0.491566265060241,593825,11785,90002,17954,0.10916484493682611
5488,KBFC_alpha_0_5_gamma_0_0_Hard_Run_3_Round_4,mProb_100,Max,0.5054,0.5488,0.043399999999999994,0.5488,654.0,678.0,0.509009009009009,597034,8576,93244,14712,0.07943977175886473
5053,KBFC_alpha_0_5_gamma_0_0_Hard_Run_3_Round_4,mProb_200,Min,0.5053,0.5296,0.02429999999999999,0.5053,1731.0,1668.0,0.4907325684024713,593816,11794,89995,17961,0.1092482122346141
5296,KBFC_alpha_0_5_gamma_0_0_Hard_Run_3_Round_4,mProb_200,Max,0.5053,0.5296,0.02429999999999999,0.5296,1470.0,1528.0,0.5096731154102735,595729,9881,91857,16099,0.09152802993812294
5122,KBFC_alpha_0_5_gamma_0_0_Hard_Run_3_Round_4,mProb_500,Min,0.5122,0.5382,0.026000000000000023,0.5122,4135.0,3975.0,0.49013563501849566,594346,11264,90562,17394,0.10433880469821039
5382,KBFC_alpha_0_5_gamma_0_0_Hard_Run_3_Round_4,mProb_500,Max,0.5122,0.5382,0.026000000000000023,0.5382,3480.0,3620.0,0.5098591549295775,596324,9286,92547,15409,0.0860165252510282
5181,KBFC_alpha_0_5_gamma_0_0_Hard_Run_3_Round_4,mProb_1000,Min,0.5181,0.5372,0.019100000000000006,0.5181,8088.0,7777.0,0.4901985502678853,594840,10770,91036,16920,0.09976286635295861
5372,KBFC_alpha_0_5_gamma_0_0_Hard_Run_3_Round_4,mProb_1000,Max,0.5181,0.5372,0.019100000000000006,0.5372,7034.0,7321.0,0.5099965168930686,596259,9351,92467,15489,0.08661862240171922
5335,KBFC_alpha_0_5_gamma_0_0_Hard_Run_3_Round_4,mProb_2000,Min,0.5335,0.5555,0.02200000000000002,0.5335,15520.0,14918.0,0.4901110454037716,596016,9594,92175,15781,0.08886953944199488
5555,KBFC_alpha_0_5_gamma_0_0_Hard_Run_3_Round_4,mProb_2000,Max,0.5335,0.5555,0.02200000000000002,0.5555,13240.0,13770.0,0.5098111810440578,597468,8142,93754,14202,0.0754196153988662
3040,KBFC_alpha_0_5_gamma_0_0_Medium_Run_3_Round_4,mProb_1,Min,0.3061,0.8088,0.5026999999999999,0.3061,30.0,29.0,0.4915254237288136,563374,42236,79936,28020,0.39123346548593874
7394,KBFC_alpha_0_5_gamma_0_0_Medium_Run_3_Round_4,mProb_1,Max,0.3061,0.8088,0.5026999999999999,0.8088,1.0,1.0,0.5,605594,16,107935,21,0.00014820852940086702
4305,KBFC_alpha_0_5_gamma_0_0_Medium_Run_3_Round_4,mProb_10,Min,0.4326,0.8397,0.4071,0.4326,105.0,106.0,0.5023696682464455,592511,13099,95457,12499,0.12133647041387231
7419,KBFC_alpha_0_5_gamma_0_0_Medium_Run_3_Round_4,mProb_10,Max,0.4326,0.8397,0.4071,0.8397,5.0,5.0,0.5,605603,7,107951,5,6.484123161287932e-05
4603,KBFC_alpha_0_5_gamma_0_0_Medium_Run_3_Round_4,mProb_20,Min,0.4624,0.8124,0.35000000000000003,0.4624,190.0,184.0,0.4919786096256685,595872,9738,97997,9959,0.09020341620660269
7400,KBFC_alpha_0_5_gamma_0_0_Medium_Run_3_Round_4,mProb_20,Max,0.4624,0.8124,0.35000000000000003,0.8124,11.0,11.0,0.5,605596,14,107939,17,0.00012968246322575864
4872,KBFC_alpha_0_5_gamma_0_0_Medium_Run_3_Round_4,mProb_50,Min,0.4893,0.7829,0.2936,0.4893,378.0,368.0,0.4932975871313673,598323,7287,99954,8002,0.06749972210900737
7349,KBFC_alpha_0_5_gamma_0_0_Medium_Run_3_Round_4,mProb_50,Max,0.4893,0.7829,0.2936,0.7829,29.0,30.0,0.5084745762711864,605572,38,107908,48,0.00035199525732705915
5166,KBFC_alpha_0_5_gamma_0_0_Medium_Run_3_Round_4,mProb_100,Min,0.5187,0.5494,0.03069999999999995,0.5187,608.0,588.0,0.4916387959866221,600397,5213,101806,6150,0.04828819148541998
5473,KBFC_alpha_0_5_gamma_0_0_Medium_Run_3_Round_4,mProb_100,Max,0.5187,0.5494,0.03069999999999995,0.5494,483.0,501.0,0.5091463414634146,602060,3550,103417,4539,0.03288376746081737
5182,KBFC_alpha_0_5_gamma_0_0_Medium_Run_3_Round_4,mProb_200,Min,0.5203,0.5511,0.03080000000000005,0.5203,1193.0,1151.0,0.4910409556313993,600471,5139,101902,6054,0.047602727036940976
5490,KBFC_alpha_0_5_gamma_0_0_Medium_Run_3_Round_4,mProb_200,Max,0.5203,0.5511,0.03080000000000005,0.5511,942.0,978.0,0.509375,602138,3472,103507,4449,0.03216125087998814
5280,KBFC_alpha_0_5_gamma_0_0_Medium_Run_3_Round_4,mProb_500,Min,0.5301,0.5535,0.023399999999999976,0.5301,2833.0,2725.0,0.49028427491903565,601019,4591,102445,5511,0.04252658490496128
5514,KBFC_alpha_0_5_gamma_0_0_Medium_Run_3_Round_4,mProb_500,Max,0.5301,0.5535,0.023399999999999976,0.5535,2259.0,2350.0,0.5098719895855934,602253,3357,103638,4318,0.031096002074919412
5288,KBFC_alpha_0_5_gamma_0_0_Medium_Run_3_Round_4,mProb_1000,Min,0.5309,0.5564,0.025499999999999967,0.5309,5663.0,5443.0,0.4900954439041959,601067,4543,102487,5469,0.04208195931675868
5543,KBFC_alpha_0_5_gamma_0_0_Medium_Run_3_Round_4,mProb_1000,Max,0.5309,0.5564,0.025499999999999967,0.5564,4419.0,4595.0,0.5097625915242956,602378,3232,103780,4176,0.029938122938975138
5525,KBFC_alpha_0_5_gamma_0_0_Medium_Run_3_Round_4,mProb_2000,Min,0.5546,0.5803,0.025700000000000056,0.5546,9850.0,9466.0,0.490060053841375,602302,3308,103696,4260,0.030642113453629258
5782,KBFC_alpha_0_5_gamma_0_0_Medium_Run_3_Round_4,mProb_2000,Max,0.5546,0.5803,0.025700000000000056,0.5803,7658.0,7969.0,0.5099507263070328,603247,2363,104771,3185,0.021888547185890547
26,KBFC_alpha_0_5_gamma_0_0_Easy_Run_3_Round_4,mProb_1,Min,0.0118,0.6295,0.6176999999999999,0.0118,1.0,1.0,0.5,161,605449,3,107953,5.608294119826596
4697,KBFC_alpha_0_5_gamma_0_0_Easy_Run_3_Round_4,mProb_1,Max,0.0118,0.6295,0.6176999999999999,0.6295,1.0,1.0,0.5,605607,3,107955,1,2.7789099262662567e-05
3963,KBFC_alpha_0_5_gamma_0_0_Easy_Run_3_Round_4,mProb_10,Min,0.4064,0.5033,0.09689999999999999,0.4064,34.0,35.0,0.5072463768115942,603604,2006,106723,1233,0.0185816443736337
4604,KBFC_alpha_0_5_gamma_0_0_Easy_Run_3_Round_4,mProb_10,Max,0.4064,0.5033,0.09689999999999999,0.5033,10.0,10.0,0.5,605500,110,107899,57,0.0010189336396309607
4261,KBFC_alpha_0_5_gamma_0_0_Easy_Run_3_Round_4,mProb_20,Min,0.4402,0.5024,0.06219999999999998,0.4402,37.0,37.0,0.5,604769,841,107448,508,0.007790210826633072
4602,KBFC_alpha_0_5_gamma_0_0_Easy_Run_3_Round_4,mProb_20,Max,0.4402,0.5024,0.06219999999999998,0.5024,23.0,23.0,0.5,605496,114,107897,59,0.0010559857719811775
7421,KBFC_alpha_balanced_gamma_0_0_Hard_Run_3_Round_4,mProb_1,Min,0.7421,0.9844,0.24230000000000007,0.7421,27.0,26.0,0.49056603773584906,564250,41360,71439,36517,0.38311904850124123
9840,KBFC_alpha_balanced_gamma_0_0_Hard_Run_3_Round_4,mProb_1,Max,0.7421,0.9844,0.24230000000000007,0.9844,1.0,1.0,0.5,605594,16,107871,85,0.00014820852940086702
8410,KBFC_alpha_balanced_gamma_0_0_Hard_Run_3_Round_4,mProb_10,Min,0.841,0.8851,0.04410000000000003,0.841,175.0,181.0,0.5084269662921348,591326,14284,88300,19656,0.13231316462262402
8851,KBFC_alpha_balanced_gamma_0_0_Hard_Run_3_Round_4,mProb_10,Max,0.841,0.8851,0.04410000000000003,0.8851,141.0,138.0,0.4946236559139785,598505,7105,95280,12676,0.06581385008707251
8414,KBFC_alpha_balanced_gamma_0_0_Hard_Run_3_Round_4,mProb_20,Min,0.8414,0.8844,0.04299999999999993,0.8414,355.0,342.0,0.49067431850789095,591387,14223,88377,19579,0.13174811960428323
8844,KBFC_alpha_balanced_gamma_0_0_Hard_Run_3_Round_4,mProb_20,Max,0.8414,0.8844,0.04299999999999993,0.8844,275.0,283.0,0.507168458781362,598406,7204,95187,12769,0.06673089036274038
8483,KBFC_alpha_balanced_gamma_0_0_Hard_Run_3_Round_4,mProb_50,Min,0.8483,0.8775,0.029199999999999893,0.8483,896.0,865.0,0.49119818285065303,592682,12928,89507,18449,0.11975249175590055
8775,KBFC_alpha_balanced_gamma_0_0_Hard_Run_3_Round_4,mProb_50,Max,0.8483,0.8775,0.029199999999999893,0.8775,727.0,743.0,0.5054421768707483,597456,8154,94134,13822,0.07553077179591686
8660,KBFC_alpha_balanced_gamma_0_0_Hard_Run_3_Round_4,mProb_100,Min,0.866,0.8713,0.005299999999999971,0.866,1616.0,1560.0,0.491183879093199,595706,9904,92328,15628,0.09174107969913668
8713,KBFC_alpha_balanced_gamma_0_0_Hard_Run_3_Round_4,mProb_100,Max,0.866,0.8713,0.005299999999999971,0.8713,1528.0,1584.0,0.5089974293059126,596548,9062,93144,14812,0.08394160583941605
8642,KBFC_alpha_balanced_gamma_0_0_Hard_Run_3_Round_4,mProb_200,Min,0.8642,0.8725,0.008300000000000085,0.8642,3251.0,3124.0,0.4900392156862745,595407,10203,92030,15926,0.0945107265923154
8725,KBFC_alpha_balanced_gamma_0_0_Hard_Run_3_Round_4,mProb_200,Max,0.8642,0.8725,0.008300000000000085,0.8725,3004.0,3114.0,0.508989865969271,596735,8875,93341,14615,0.08220941865204343
8624,KBFC_alpha_balanced_gamma_0_0_Hard_Run_3_Round_4,mProb_500,Min,0.8624,0.8712,0.008799999999999919,0.8624,8200.0,7888.0,0.4903033316757832,595125,10485,91762,16194,0.09712290192300567
8712,KBFC_alpha_balanced_gamma_0_0_Hard_Run_3_Round_4,mProb_500,Max,0.8624,0.8712,0.008799999999999919,0.8712,7533.0,7833.0,0.5097618117922686,596531,9079,93123,14833,0.08409907740190448
8642,KBFC_alpha_balanced_gamma_0_0_Hard_Run_3_Round_4,mProb_1000,Min,0.8642,0.8748,0.010600000000000054,0.8642,16227.0,15594.0,0.4900537380974828,595407,10203,92030,15926,0.0945107265923154
8748,KBFC_alpha_balanced_gamma_0_0_Hard_Run_3_Round_4,mProb_1000,Max,0.8642,0.8748,0.010600000000000054,0.8748,14801.0,15402.0,0.5099493427805185,597059,8551,93747,14209,0.07920819593167587
8688,KBFC_alpha_balanced_gamma_0_0_Hard_Run_3_Round_4,mProb_2000,Min,0.8688,0.8842,0.01539999999999997,0.8688,32259.0,31001.0,0.49005690799873536,596168,9442,92784,15172,0.08746155841268664
8842,KBFC_alpha_balanced_gamma_0_0_Hard_Run_3_Round_4,mProb_2000,Max,0.8688,0.8842,0.01539999999999997,0.8842,28005.0,29144.0,0.5099651787432851,598378,7232,95162,12794,0.06699025528919189
63,KBFC_alpha_balanced_gamma_0_0_Medium_Run_3_Round_4,mProb_1,Min,0.0186,0.9631,0.9445,0.0186,1.0,1.0,0.5,90,605520,3,107953,5.6089517951758125
9377,KBFC_alpha_balanced_gamma_0_0_Medium_Run_3_Round_4,mProb_1,Max,0.0186,0.9631,0.9445,0.9631,1.0,1.0,0.5,605603,7,107942,14,6.484123161287932e-05
8101,KBFC_alpha_balanced_gamma_0_0_Medium_Run_3_Round_4,mProb_10,Min,0.8243,0.969,0.14469999999999994,0.8243,152.0,149.0,0.4950166112956811,595510,10100,98000,9956,0.09355663418429731
9388,KBFC_alpha_balanced_gamma_0_0_Medium_Run_3_Round_4,mProb_10,Max,0.8243,0.969,0.14469999999999994,0.969,5.0,5.0,0.5,605607,3,107950,6,2.7789099262662567e-05
8226,KBFC_alpha_balanced_gamma_0_0_Medium_Run_3_Round_4,mProb_20,Min,0.8368,0.9423,0.10550000000000004,0.8368,307.0,296.0,0.49087893864013266,597742,7868,99787,8169,0.07288154433287636
9268,KBFC_alpha_balanced_gamma_0_0_Medium_Run_3_Round_4,mProb_20,Max,0.8368,0.9423,0.10550000000000004,0.9423,22.0,22.0,0.5,605545,65,107820,136,0.0006020971506910223
8421,KBFC_alpha_balanced_gamma_0_0_Medium_Run_3_Round_4,mProb_50,Min,0.8563,0.8877,0.031400000000000095,0.8563,633.0,617.0,0.4936,600669,4941,102262,5694,0.04576864648560525
8735,KBFC_alpha_balanced_gamma_0_0_Medium_Run_3_Round_4,mProb_50,Max,0.8563,0.8877,0.031400000000000095,0.8877,387.0,397.0,0.5063775510204082,603775,1835,105507,2449,0.016997665715661938
8426,KBFC_alpha_balanced_gamma_0_0_Medium_Run_3_Round_4,mProb_100,Min,0.8568,0.878,0.021199999999999997,0.8568,1281.0,1231.0,0.49004777070063693,600731,4879,102320,5636,0.04519433843417689
8638,KBFC_alpha_balanced_gamma_0_0_Medium_Run_3_Round_4,mProb_100,Max,0.8568,0.878,0.021199999999999997,0.878,892.0,927.0,0.5096206706981858,602993,2617,104642,3314,0.02424135759012931
8428,KBFC_alpha_balanced_gamma_0_0_Medium_Run_3_Round_4,mProb_200,Min,0.857,0.8731,0.016100000000000003,0.857,2549.0,2452.0,0.4903019396120776,600750,4860,102339,5617,0.045018340805513354
8589,KBFC_alpha_balanced_gamma_0_0_Medium_Run_3_Round_4,mProb_200,Max,0.857,0.8731,0.016100000000000003,0.8731,1933.0,2007.0,0.5093908629441625,602531,3079,104188,3768,0.028520878876579347
8509,KBFC_alpha_balanced_gamma_0_0_Medium_Run_3_Round_4,mProb_500,Min,0.8651,0.8754,0.010299999999999976,0.8651,5690.0,5469.0,0.49009767900349493,601706,3904,103342,4614,0.036162881173811556
8612,KBFC_alpha_balanced_gamma_0_0_Medium_Run_3_Round_4,mProb_500,Max,0.8651,0.8754,0.010299999999999976,0.8754,4699.0,4890.0,0.5099593283971217,602765,2845,104396,3560,0.026353329134091667
8592,KBFC_alpha_balanced_gamma_0_0_Medium_Run_3_Round_4,mProb_1000,Min,0.8734,0.8895,0.016100000000000003,0.8734,9972.0,9589.0,0.4902101119574664,602557,3053,104213,3743,0.028280040016302938
8753,KBFC_alpha_balanced_gamma_0_0_Medium_Run_3_Round_4,mProb_1000,Max,0.8734,0.8895,0.016100000000000003,0.8895,7363.0,7662.0,0.5099500831946755,603914,1696,105642,2314,0.015710104116491905
72,KBFC_alpha_balanced_gamma_0_0_Easy_Run_3_Round_4,mProb_1,Min,0.0802,0.8547,0.7745,0.0802,1.0,1.0,0.5,193,605417,9,107947,5.607997702767794
7448,KBFC_alpha_balanced_gamma_0_0_Easy_Run_3_Round_4,mProb_1,Max,0.0802,0.8547,0.7745,0.8547,1.0,1.0,0.5,605585,25,107937,19,0.00023157582718885472
7136,KBFC_alpha_balanced_gamma_0_0_Easy_Run_3_Round_4,mProb_10,Min,0.804,0.8665,0.0625,0.804,35.0,35.0,0.5,604913,697,107494,462,0.00645633406202527
7464,KBFC_alpha_balanced_gamma_0_0_Easy_Run_3_Round_4,mProb_10,Max,0.804,0.8665,0.0625,0.8665,9.0,9.0,0.5,605606,4,107952,4,3.7052132350216754e-05
7250,KBFC_alpha_balanced_gamma_0_0_Easy_Run_3_Round_4,mProb_20,Min,0.817,0.8236,0.00660000000000005,0.817,41.0,40.0,0.49382716049382713,605231,379,107711,245,0.0035106895401830376
7302,KBFC_alpha_balanced_gamma_0_0_Easy_Run_3_Round_4,mProb_20,Max,0.817,0.8236,0.00660000000000005,0.8236,22.0,22.0,0.5,605341,269,107787,169,0.002491755900552077
4073,KBFC_alpha_0_5_gamma_1_0_Hard_Run_3_Round_4,mProb_1,Min,0.4081,0.7958,0.38769999999999993,0.4081,33.0,32.0,0.49230769230769234,568005,37605,73123,34833,0.34833635925747525
7724,KBFC_alpha_0_5_gamma_1_0_Hard_Run_3_Round_4,mProb_1,Max,0.4081,0.7958,0.38769999999999993,0.7958,1.0,1.0,0.5,605592,18,107805,151,0.0001667345955759754
4772,KBFC_alpha_0_5_gamma_1_0_Hard_Run_3_Round_4,mProb_10,Min,0.478,0.5943,0.11630000000000007,0.478,191.0,190.0,0.49868766404199477,590010,15600,86826,21130,0.14450331616584536
5935,KBFC_alpha_0_5_gamma_1_0_Hard_Run_3_Round_4,mProb_10,Max,0.478,0.5943,0.11630000000000007,0.5943,56.0,58.0,0.5087719298245614,602128,3482,99976,7980,0.032253881210863686
4808,KBFC_alpha_0_5_gamma_1_0_Hard_Run_3_Round_4,mProb_20,Min,0.4816,0.5682,0.08660000000000007,0.4816,363.0,353.0,0.4930167597765363,590701,14909,87448,20508,0.1381025603023454
5674,KBFC_alpha_0_5_gamma_1_0_Hard_Run_3_Round_4,mProb_20,Max,0.4816,0.5682,0.08660000000000007,0.5682,153.0,159.0,0.5096153846153846,600693,4917,97831,10125,0.045546333691503946
4900,KBFC_alpha_0_5_gamma_1_0_Hard_Run_3_Round_4,mProb_50,Min,0.4908,0.5378,0.04699999999999993,0.4908,791.0,760.0,0.49000644745325594,592289,13321,88892,19064,0.12339286375930934
5370,KBFC_alpha_0_5_gamma_1_0_Hard_Run_3_Round_4,mProb_50,Max,0.4908,0.5378,0.04699999999999993,0.5378,510.0,530.0,0.5096153846153846,598346,7264,94830,13126,0.06728667234799363
4936,KBFC_alpha_0_5_gamma_1_0_Hard_Run_3_Round_4,mProb_100,Min,0.4944,0.5268,0.03240000000000004,0.4944,1564.0,1505.0,0.49038774845226457,592857,12753,89430,18526,0.11813146096557857
5260,KBFC_alpha_0_5_gamma_1_0_Hard_Run_3_Round_4,mProb_100,Max,0.4944,0.5268,0.03240000000000004,0.5268,1128.0,1174.0,0.5099913119026933,597200,8410,93622,14334,0.07790210826633073
5020,KBFC_alpha_0_5_gamma_1_0_Hard_Run_3_Round_4,mProb_200,Min,0.5028,0.5306,0.027799999999999936,0.5028,2887.0,2777.0,0.4902895480225989,594127,11483,90633,17323,0.10636740894438475
5298,KBFC_alpha_0_5_gamma_1_0_Hard_Run_3_Round_4,mProb_200,Max,0.5028,0.5306,0.027799999999999936,0.5306,2186.0,2275.0,0.5099753418516028,597604,8006,94032,13924,0.07415984289895884
5063,KBFC_alpha_0_5_gamma_1_0_Hard_Run_3_Round_4,mProb_500,Min,0.5071,0.5264,0.019299999999999984,0.5071,6962.0,6699.0,0.4903740575360515,594743,10867,91238,16718,0.10066138056245137
5256,KBFC_alpha_0_5_gamma_1_0_Hard_Run_3_Round_4,mProb_500,Max,0.5071,0.5264,0.019299999999999984,0.5264,5559.0,5781.0,0.5097883597883598,597148,8462,93575,14381,0.07838378598688354
5143,KBFC_alpha_0_5_gamma_1_0_Hard_Run_3_Round_4,mProb_1000,Min,0.5151,0.5268,0.011700000000000044,0.5151,13333.0,12819.0,0.4901728357295809,595769,9841,92221,15735,0.09115750861462077
5260,KBFC_alpha_0_5_gamma_1_0_Hard_Run_3_Round_4,mProb_1000,Max,0.5151,0.5268,0.011700000000000044,0.5268,11443.0,11907.0,0.5099357601713063,597200,8410,93622,14334,0.07790210826633073
5352,KBFC_alpha_0_5_gamma_1_0_Hard_Run_3_Round_4,mProb_2000,Min,0.536,0.5479,0.011900000000000022,0.536,24825.0,23857.0,0.49005792695452116,598163,7447,94659,13297,0.06898180740301604
5471,KBFC_alpha_0_5_gamma_1_0_Hard_Run_3_Round_4,mProb_2000,Max,0.536,0.5479,0.011900000000000022,0.5479,21373.0,22238.0,0.5099172227190387,599209,6401,95894,12062,0.05929267479343436
3628,KBFC_alpha_0_5_gamma_1_0_Medium_Run_3_Round_4,mProb_1,Min,0.3942,0.7259,0.3317,0.3942,33.0,33.0,0.5,567425,38185,81877,26079,0.3537089184482567
6236,KBFC_alpha_0_5_gamma_1_0_Medium_Run_3_Round_4,mProb_1,Max,0.3942,0.7259,0.3317,0.7259,1.0,1.0,0.5,605605,5,107948,8,4.6315165437770945e-05
4383,KBFC_alpha_0_5_gamma_1_0_Medium_Run_3_Round_4,mProb_10,Min,0.4697,0.7575,0.28779999999999994,0.4697,174.0,171.0,0.4956521739130435,594480,11130,97056,10900,0.10309755826447813
6245,KBFC_alpha_0_5_gamma_1_0_Medium_Run_3_Round_4,mProb_10,Max,0.4697,0.7575,0.28779999999999994,0.7575,5.0,5.0,0.5,605608,2,107954,2,1.8526066175108377e-05
4509,KBFC_alpha_0_5_gamma_1_0_Medium_Run_3_Round_4,mProb_20,Min,0.4823,0.7024,0.22010000000000002,0.4823,303.0,293.0,0.49161073825503354,596816,8794,98946,9010,0.08145911297195153
6212,KBFC_alpha_0_5_gamma_1_0_Medium_Run_3_Round_4,mProb_20,Max,0.4823,0.7024,0.22010000000000002,0.7024,11.0,11.0,0.5,605594,16,107932,24,0.00014820852940086702
4667,KBFC_alpha_0_5_gamma_1_0_Medium_Run_3_Round_4,mProb_50,Min,0.4981,0.615,0.1169,0.4981,642.0,623.0,0.4924901185770751,599199,6411,101001,6955,0.0593853051243099
5820,KBFC_alpha_0_5_gamma_1_0_Medium_Run_3_Round_4,mProb_50,Max,0.4981,0.615,0.1169,0.615,67.0,68.0,0.5037037037037037,605349,261,107516,440,0.0024176516358516433
4776,KBFC_alpha_0_5_gamma_1_0_Medium_Run_3_Round_4,mProb_100,Min,0.509,0.6123,0.10329999999999995,0.509,1078.0,1048.0,0.4929444967074318,600541,5069,102258,5698,0.046954314720812185
5797,KBFC_alpha_0_5_gamma_1_0_Medium_Run_3_Round_4,mProb_100,Max,0.509,0.6123,0.10329999999999995,0.6123,135.0,140.0,0.509090909090909,605320,290,107481,475,0.0026862795953907148
4949,KBFC_alpha_0_5_gamma_1_0_Medium_Run_3_Round_4,mProb_200,Min,0.5263,0.5403,0.014000000000000012,0.5263,1655.0,1594.0,0.49061249615266234,602189,3421,103827,4129,0.03168883619252288
5089,KBFC_alpha_0_5_gamma_1_0_Medium_Run_3_Round_4,mProb_200,Max,0.5263,0.5403,0.014000000000000012,0.5403,1245.0,1292.0,0.5092629089475759,603190,2420,104834,3122,0.022416540071881135
4877,KBFC_alpha_0_5_gamma_1_0_Medium_Run_3_Round_4,mProb_500,Min,0.5191,0.5402,0.021100000000000008,0.5191,4754.0,4572.0,0.4902423332618486,601571,4039,103213,4743,0.037413390640631365
5088,KBFC_alpha_0_5_gamma_1_0_Medium_Run_3_Round_4,mProb_500,Max,0.5191,0.5402,0.021100000000000008,0.5402,3198.0,3324.0,0.5096596136154554,603186,2424,104829,3127,0.022453592204231352
4965,KBFC_alpha_0_5_gamma_1_0_Medium_Run_3_Round_4,mProb_1000,Min,0.5279,0.5455,0.01759999999999995,0.5279,8702.0,8364.0,0.4900972694245869,602330,3280,103939,4017,0.03038274852717774
5141,KBFC_alpha_0_5_gamma_1_0_Medium_Run_3_Round_4,mProb_1000,Max,0.5279,0.5455,0.01759999999999995,0.5455,6248.0,6497.0,0.5097685366810514,603507,2103,105169,2787,0.019480158583126458
35,KBFC_alpha_0_5_gamma_1_0_Easy_Run_3_Round_4,mProb_1,Min,0.08,0.609,0.529,0.08,1.0,1.0,0.5,130,605480,5,107951,5.60858127385231
4143,KBFC_alpha_0_5_gamma_1_0_Easy_Run_3_Round_4,mProb_1,Max,0.08,0.609,0.529,0.609,1.0,1.0,0.5,605607,3,107954,2,2.7789099262662567e-05
3757,KBFC_alpha_0_5_gamma_1_0_Easy_Run_3_Round_4,mProb_10,Min,0.4611,0.6108,0.1497,0.4611,18.0,18.0,0.5,604729,881,107419,537,0.00816073215013524
4144,KBFC_alpha_0_5_gamma_1_0_Easy_Run_3_Round_4,mProb_10,Max,0.4611,0.6108,0.1497,0.6108,8.0,8.0,0.5,605608,2,107954,2,1.8526066175108377e-05
3981,KBFC_alpha_0_5_gamma_1_0_Easy_Run_3_Round_4,mProb_20,Min,0.4894,0.5585,0.0691,0.4894,25.0,26.0,0.5098039215686274,605389,221,107809,147,0.0020471303123494756
4129,KBFC_alpha_0_5_gamma_1_0_Easy_Run_3_Round_4,mProb_20,Max,0.4894,0.5585,0.0691,0.5585,14.0,14.0,0.5,605596,14,107942,14,0.00012968246322575864
292,KBFC_alpha_0_5_gamma_2_0_Hard_Run_3_Round_4,mProb_1,Min,0.0519,0.8499,0.798,0.0519,1.0,1.0,0.5,531,605079,1,107955,5.604866797584201
6916,KBFC_alpha_0_5_gamma_2_0_Hard_Run_3_Round_4,mProb_1,Max,0.0519,0.8499,0.798,0.8499,1.0,1.0,0.5,605606,4,107910,46,3.7052132350216754e-05
4664,KBFC_alpha_0_5_gamma_2_0_Hard_Run_3_Round_4,mProb_10,Min,0.4893,0.7255,0.23620000000000002,0.4893,280.0,275.0,0.4954954954954955,589514,16096,86476,21480,0.14909778057727222
6786,KBFC_alpha_0_5_gamma_2_0_Hard_Run_3_Round_4,mProb_10,Max,0.4893,0.7255,0.23620000000000002,0.7255,6.0,6.0,0.5,605575,35,107778,178,0.0003242061580643966
4861,KBFC_alpha_0_5_gamma_2_0_Hard_Run_3_Round_4,mProb_20,Min,0.509,0.7255,0.21650000000000003,0.509,436.0,427.0,0.4947856315179606,594649,10961,90949,17007,0.10153210567268146
6786,KBFC_alpha_0_5_gamma_2_0_Hard_Run_3_Round_4,mProb_20,Max,0.509,0.7255,0.21650000000000003,0.7255,12.0,12.0,0.5,605575,35,107778,178,0.0003242061580643966
4871,KBFC_alpha_0_5_gamma_2_0_Hard_Run_3_Round_4,mProb_50,Min,0.51,0.5269,0.016900000000000026,0.51,1036.0,1000.0,0.4911591355599214,594859,10751,91168,16788,0.09958686872429508
5040,KBFC_alpha_0_5_gamma_2_0_Hard_Run_3_Round_4,mProb_50,Max,0.51,0.5269,0.016900000000000026,0.5269,811.0,837.0,0.5078883495145631,597936,7674,94389,13567,0.07108451591389084
4865,KBFC_alpha_0_5_gamma_2_0_Hard_Run_3_Round_4,mProb_100,Min,0.5094,0.5223,0.012900000000000023,0.5094,2125.0,2044.0,0.49028544015351405,594732,10878,91032,16924,0.10076327392641446
4994,KBFC_alpha_0_5_gamma_2_0_Hard_Run_3_Round_4,mProb_100,Max,0.5094,0.5223,0.012900000000000023,0.5223,1733.0,1797.0,0.5090651558073654,597158,8452,93558,14398,0.078291155656008
4878,KBFC_alpha_0_5_gamma_2_0_Hard_Run_3_Round_4,mProb_200,Min,0.5107,0.5182,0.007499999999999951,0.5107,4214.0,4049.0,0.4900157327847029,595010,10600,91287,16669,0.0981881507280744
4953,KBFC_alpha_0_5_gamma_2_0_Hard_Run_3_Round_4,mProb_200,Max,0.5107,0.5182,0.007499999999999951,0.5182,3677.0,3824.0,0.5097986935075324,596439,9171,92825,15131,0.08495127644595947
4888,KBFC_alpha_0_5_gamma_2_0_Hard_Run_3_Round_4,mProb_500,Min,0.5117,0.5212,0.009499999999999953,0.5117,10574.0,10182.0,0.49055694738870687,595202,10408,91480,16476,0.096409648375264
4983,KBFC_alpha_0_5_gamma_2_0_Hard_Run_3_Round_4,mProb_500,Max,0.5117,0.5212,0.009499999999999953,0.5212,8943.0,9308.0,0.5099994520848172,596974,8636,93361,14595,0.07999555374411797
4981,KBFC_alpha_0_5_gamma_2_0_Hard_Run_3_Round_4,mProb_1000,Min,0.521,0.5285,0.007499999999999951,0.521,19992.0,19212.0,0.49005203550658094,596937,8673,93312,14644,0.08033828596835747
5056,KBFC_alpha_0_5_gamma_2_0_Hard_Run_3_Round_4,mProb_1000,Max,0.521,0.5285,0.007499999999999951,0.5285,17277.0,17974.0,0.509886244361862,598173,7437,94648,13308,0.0688891770721405
5292,KBFC_alpha_0_5_gamma_2_0_Hard_Run_3_Round_4,mProb_2000,Min,0.5521,0.5617,0.009599999999999942,0.5521,32795.0,31523.0,0.49011163282440373,600978,4632,98293,9663,0.042906369261551
5388,KBFC_alpha_0_5_gamma_2_0_Hard_Run_3_Round_4,mProb_2000,Max,0.5521,0.5617,0.009599999999999942,0.5617,27350.0,28445.0,0.5098127072318308,601850,3760,99557,8399,0.03482900440920375
35,KBFC_alpha_0_5_gamma_2_0_Medium_Run_3_Round_4,mProb_1,Min,0.0778,0.6637,0.5859,0.0778,1.0,1.0,0.5,41,605569,1,107955,5.609405683797102
5265,KBFC_alpha_0_5_gamma_2_0_Medium_Run_3_Round_4,mProb_1,Max,0.0778,0.6637,0.5859,0.6637,1.0,1.0,0.5,605606,4,107942,14,3.7052132350216754e-05
4025,KBFC_alpha_0_5_gamma_2_0_Medium_Run_3_Round_4,mProb_10,Min,0.4923,0.6578,0.16550000000000004,0.4923,222.0,214.0,0.4908256880733945,597300,8310,99221,8735,0.0769758049575753
5260,KBFC_alpha_0_5_gamma_2_0_Medium_Run_3_Round_4,mProb_10,Max,0.4923,0.6578,0.16550000000000004,0.6578,5.0,5.0,0.5,605602,8,107940,16,7.410426470043351e-05
4051,KBFC_alpha_0_5_gamma_2_0_Medium_Run_3_Round_4,mProb_20,Min,0.4949,0.6512,0.1563,0.4949,445.0,433.0,0.49316628701594534,597944,7666,99771,8185,0.0710104116491904
5255,KBFC_alpha_0_5_gamma_2_0_Medium_Run_3_Round_4,mProb_20,Max,0.4949,0.6512,0.1563,0.6512,10.0,10.0,0.5,605600,10,107937,19,9.263033087554189e-05
4217,KBFC_alpha_0_5_gamma_2_0_Medium_Run_3_Round_4,mProb_50,Min,0.5115,0.529,0.01750000000000007,0.5115,778.0,749.0,0.4905042567125082,601082,4528,102597,5359,0.041943013820445366
4392,KBFC_alpha_0_5_gamma_2_0_Medium_Run_3_Round_4,mProb_50,Max,0.5115,0.529,0.01750000000000007,0.529,483.0,501.0,0.5091463414634146,603259,2351,104821,3135,0.021777390788839897
4228,KBFC_alpha_0_5_gamma_2_0_Medium_Run_3_Round_4,mProb_100,Min,0.5126,0.5239,0.011300000000000088,0.5126,1518.0,1461.0,0.4904330312185297,601262,4348,102751,5205,0.040275667864685616
4341,KBFC_alpha_0_5_gamma_2_0_Medium_Run_3_Round_4,mProb_100,Max,0.5126,0.5239,0.011300000000000088,0.5239,1135.0,1179.0,0.5095073465859983,602714,2896,104251,3705,0.02682574382155693
4228,KBFC_alpha_0_5_gamma_2_0_Medium_Run_3_Round_4,mProb_200,Min,0.5126,0.5219,0.009300000000000086,0.5126,3004.0,2900.0,0.4911924119241192,601262,4348,102751,5205,0.040275667864685616
4321,KBFC_alpha_0_5_gamma_2_0_Medium_Run_3_Round_4,mProb_200,Max,0.5126,0.5219,0.009300000000000086,0.5219,2355.0,2444.0,0.5092727651594082,602473,3137,104001,3955,0.02905813479565749
4253,KBFC_alpha_0_5_gamma_2_0_Medium_Run_3_Round_4,mProb_500,Min,0.5151,0.5278,0.012700000000000045,0.5151,7337.0,7056.0,0.49023831028972414,601618,3992,103115,4841,0.03697802808551632
4380,KBFC_alpha_0_5_gamma_2_0_Medium_Run_3_Round_4,mProb_500,Max,0.5151,0.5278,0.012700000000000045,0.5278,5146.0,5346.0,0.5095310712924133,603146,2464,104686,3270,0.02282411352773352
4415,KBFC_alpha_0_5_gamma_2_0_Medium_Run_3_Round_4,mProb_1000,Min,0.5313,0.543,0.011700000000000044,0.5313,11175.0,10740.0,0.49007529089664614,603459,2151,105031,2925,0.01992478417132906
4532,KBFC_alpha_0_5_gamma_2_0_Medium_Run_3_Round_4,mProb_1000,Max,0.5313,0.543,0.011700000000000044,0.543,8037.0,8361.0,0.5098792535675082,604239,1371,106000,1956,0.012699618363036793
55,KBFC_alpha_0_5_gamma_2_0_Easy_Run_3_Round_4,mProb_1,Min,0.1647,0.5344,0.3697,0.1647,2.0,2.0,0.5,110,605500,3,107953,5.608766534514062
3371,KBFC_alpha_0_5_gamma_2_0_Easy_Run_3_Round_4,mProb_1,Max,0.1647,0.5344,0.3697,0.5344,1.0,1.0,0.5,605599,11,107952,4,0.00010189336396309608
3129,KBFC_alpha_0_5_gamma_2_0_Easy_Run_3_Round_4,mProb_10,Min,0.4794,0.5081,0.028700000000000003,0.4794,31.0,30.0,0.4918032786885246,605061,549,107580,376,0.005085405165067249
3324,KBFC_alpha_0_5_gamma_2_0_Easy_Run_3_Round_4,mProb_10,Max,0.4794,0.5081,0.028700000000000003,0.5081,10.0,10.0,0.5,605538,72,107915,41,0.0006669383823039016
3135,KBFC_alpha_0_5_gamma_2_0_Easy_Run_3_Round_4,mProb_20,Min,0.4801,0.4884,0.008299999999999974,0.4801,50.0,51.0,0.504950495049505,605075,535,107594,362,0.004955722701841491
3212,KBFC_alpha_0_5_gamma_2_0_Easy_Run_3_Round_4,mProb_20,Max,0.4801,0.4884,0.008299999999999974,0.4884,36.0,35.0,0.49295774647887325,605314,296,107767,189,0.00274185779391604
3283,LogReg_alpha_0_5_Hard_Run_3_Round_4,mProb_1,Min,0.3324,0.852,0.5196000000000001,0.3324,20.0,20.0,0.5,569442,36168,79009,28947,0.3350253807106599
8173,LogReg_alpha_0_5_Hard_Run_3_Round_4,mProb_1,Max,0.3324,0.852,0.5196000000000001,0.852,1.0,1.0,0.5,605589,21,107858,98,0.00019452369483863796
4190,LogReg_alpha_0_5_Hard_Run_3_Round_4,mProb_10,Min,0.4231,0.8434,0.42030000000000006,0.4231,128.0,125.0,0.49407114624505927,588950,16660,90959,16997,0.1543221312386528
8130,LogReg_alpha_0_5_Hard_Run_3_Round_4,mProb_10,Max,0.4231,0.8434,0.42030000000000006,0.8434,9.0,9.0,0.5,605579,31,107808,148,0.00028715402571417983
4489,LogReg_alpha_0_5_Hard_Run_3_Round_4,mProb_20,Min,0.453,0.8123,0.3593,0.453,196.0,190.0,0.49222797927461137,592780,12830,93939,14017,0.11884471451332024
7918,LogReg_alpha_0_5_Hard_Run_3_Round_4,mProb_20,Max,0.453,0.8123,0.3593,0.8123,16.0,16.0,0.5,605482,128,107583,373,0.0011856682352069361
4801,LogReg_alpha_0_5_Hard_Run_3_Round_4,mProb_50,Min,0.4842,0.6811,0.19690000000000002,0.4842,440.0,423.0,0.4901506373117034,595817,9793,96560,11396,0.09071288302641817
6762,LogReg_alpha_0_5_Hard_Run_3_Round_4,mProb_50,Max,0.4842,0.6811,0.19690000000000002,0.6811,96.0,99.0,0.5076923076923077,604339,1271,105486,2470,0.011773315054281374
4983,LogReg_alpha_0_5_Hard_Run_3_Round_4,mProb_100,Min,0.5024,0.6052,0.1028,0.5024,732.0,704.0,0.49025069637883006,597288,8322,97909,10047,0.07708696135462596
6011,LogReg_alpha_0_5_Hard_Run_3_Round_4,mProb_100,Max,0.5024,0.6052,0.1028,0.6052,330.0,343.0,0.5096582466567607,602586,3024,103296,4660,0.028011412056763867
5183,LogReg_alpha_0_5_Hard_Run_3_Round_4,mProb_200,Min,0.5224,0.6083,0.08589999999999998,0.5224,1250.0,1201.0,0.4900040799673603,598706,6904,99227,8729,0.06395198043647411
6042,LogReg_alpha_0_5_Hard_Run_3_Round_4,mProb_200,Max,0.5224,0.6083,0.08589999999999998,0.6083,657.0,682.0,0.5093353248693054,602684,2926,103389,4567,0.027103634814183555
5181,LogReg_alpha_0_5_Hard_Run_3_Round_4,mProb_500,Min,0.5222,0.5552,0.03300000000000003,0.5222,3264.0,3138.0,0.4901593252108716,598690,6920,99215,8741,0.06410018896587498
5511,LogReg_alpha_0_5_Hard_Run_3_Round_4,mProb_500,Max,0.5222,0.5552,0.03300000000000003,0.5552,2523.0,2622.0,0.5096209912536444,600580,5030,101116,6840,0.04659305643039757
5211,LogReg_alpha_0_5_Hard_Run_3_Round_4,mProb_1000,Min,0.5252,0.5628,0.03759999999999997,0.5252,6477.0,6224.0,0.4900401543185576,598861,6749,99391,8565,0.06251621030790322
5587,LogReg_alpha_0_5_Hard_Run_3_Round_4,mProb_1000,Max,0.5252,0.5628,0.03759999999999997,0.5628,4762.0,4953.0,0.5098301595470921,600965,4645,101497,6459,0.04302678869168921
5416,LogReg_alpha_0_5_Hard_Run_3_Round_4,mProb_2000,Min,0.5457,0.5807,0.03500000000000003,0.5457,11791.0,11335.0,0.490140966877108,600088,5522,100587,7369,0.05115046870947423
5766,LogReg_alpha_0_5_Hard_Run_3_Round_4,mProb_2000,Max,0.5457,0.5807,0.03500000000000003,0.5807,8845.0,9200.0,0.5098365198115822,601699,3911,102314,5642,0.036227722405424434
2754,LogReg_alpha_0_5_Medium_Run_3_Round_4,mProb_1,Min,0.2892,0.7674,0.47819999999999996,0.2892,29.0,28.0,0.49122807017543857,567110,38500,83377,24579,0.35662677387083624
6658,LogReg_alpha_0_5_Medium_Run_3_Round_4,mProb_1,Max,0.2892,0.7674,0.47819999999999996,0.7674,1.0,1.0,0.5,605610,0,107954,2,0.0
4185,LogReg_alpha_0_5_Medium_Run_3_Round_4,mProb_10,Min,0.4323,0.7241,0.29179999999999995,0.4323,91.0,89.0,0.49444444444444446,595648,9962,98889,9067,0.09227833561821483
6627,LogReg_alpha_0_5_Medium_Run_3_Round_4,mProb_10,Max,0.4323,0.7241,0.29179999999999995,0.7241,6.0,6.0,0.5,605596,14,107931,25,0.00012968246322575864
4401,LogReg_alpha_0_5_Medium_Run_3_Round_4,mProb_20,Min,0.4539,0.716,0.26209999999999994,0.4539,154.0,149.0,0.49174917491749176,597717,7893,100418,7538,0.07311312016006521
6604,LogReg_alpha_0_5_Medium_Run_3_Round_4,mProb_20,Max,0.4539,0.716,0.26209999999999994,0.716,11.0,11.0,0.5,605585,25,107916,40,0.00023157582718885472
4663,LogReg_alpha_0_5_Medium_Run_3_Round_4,mProb_50,Min,0.4801,0.7065,0.2264,0.4801,341.0,329.0,0.491044776119403,599872,5738,102193,5763,0.053151283856385935
6591,LogReg_alpha_0_5_Medium_Run_3_Round_4,mProb_50,Max,0.4801,0.7065,0.2264,0.7065,32.0,31.0,0.49206349206349204,605578,32,107907,49,0.00029641705880173404
4893,LogReg_alpha_0_5_Medium_Run_3_Round_4,mProb_100,Min,0.5031,0.6315,0.12839999999999996,0.5031,605.0,588.0,0.4928751047778709,601391,4219,103542,4414,0.03908073659639112
6155,LogReg_alpha_0_5_Medium_Run_3_Round_4,mProb_100,Max,0.5031,0.6315,0.12839999999999996,0.6315,124.0,129.0,0.5098814229249012,605268,342,107476,480,0.0031679573159435325
4933,LogReg_alpha_0_5_Medium_Run_3_Round_4,mProb_200,Min,0.5071,0.6251,0.118,0.5071,1125.0,1086.0,0.49118046132971505,601635,3975,103767,4189,0.0368205565230279
6099,LogReg_alpha_0_5_Medium_Run_3_Round_4,mProb_200,Max,0.5071,0.6251,0.118,0.6251,264.0,273.0,0.5083798882681564,605190,420,107398,558,0.003890473896772759
5001,LogReg_alpha_0_5_Medium_Run_3_Round_4,mProb_500,Min,0.5139,0.5755,0.06159999999999999,0.5139,2660.0,2559.0,0.4903238168231462,601981,3629,104124,3832,0.03361554707473415
5617,LogReg_alpha_0_5_Medium_Run_3_Round_4,mProb_500,Max,0.5139,0.5755,0.06159999999999999,0.5755,1310.0,1363.0,0.5099139543583988,604270,1340,106396,1560,0.012412464337322612
5144,LogReg_alpha_0_5_Medium_Run_3_Round_4,mProb_1000,Min,0.5282,0.5893,0.06110000000000004,0.5282,4598.0,4419.0,0.49007430409227015,602696,2914,104815,3141,0.026992478417132905
5753,LogReg_alpha_0_5_Medium_Run_3_Round_4,mProb_1000,Max,0.5282,0.5893,0.06110000000000004,0.5893,2238.0,2325.0,0.5095332018408941,604606,1004,106752,1204,0.009300085219904405
5488,LogReg_alpha_0_5_Medium_Run_3_Round_4,mProb_2000,Min,0.5626,0.5799,0.017299999999999982,0.5626,7046.0,6773.0,0.4901222953904045,603920,1690,106026,1930,0.01565452591796658
5661,LogReg_alpha_0_5_Medium_Run_3_Round_4,mProb_2000,Max,0.5626,0.5799,0.017299999999999982,0.5799,5771.0,5780.0,0.5003895766600295,604381,1229,106510,1446,0.011384267664604097
2593,LogReg_alpha_0_5_Easy_Run_3_Round_4,mProb_1,Min,0.2972,0.4333,0.1361,0.2972,25.0,25.0,0.5,588373,17237,99986,7970,0.15966690133017156
3848,LogReg_alpha_0_5_Easy_Run_3_Round_4,mProb_1,Max,0.2972,0.4333,0.1361,0.4333,2.0,2.0,0.5,605556,54,107924,32,0.0005002037867279261
3688,LogReg_alpha_0_5_Easy_Run_3_Round_4,mProb_10,Min,0.4083,0.455,0.04670000000000002,0.4083,34.0,33.0,0.4925373134328358,605145,465,107645,311,0.004307310385712698
3879,LogReg_alpha_0_5_Easy_Run_3_Round_4,mProb_10,Max,0.4083,0.455,0.04670000000000002,0.455,7.0,7.0,0.5,605606,4,107949,7,3.7052132350216754e-05
3697,LogReg_alpha_0_5_Easy_Run_3_Round_4,mProb_20,Min,0.4092,0.4441,0.03489999999999999,0.4092,44.0,43.0,0.4942528735632184,605169,441,107671,285,0.004084997591611397
3871,LogReg_alpha_0_5_Easy_Run_3_Round_4,mProb_20,Max,0.4092,0.4441,0.03489999999999999,0.4441,18.0,18.0,0.5,605600,10,107943,13,9.263033087554189e-05
53,LogReg_alpha_balanced_Hard_Run_3_Round_4,mProb_1,Min,0.0313,0.9823,0.951,0.0313,1.0,1.0,0.5,78,605532,2,107954,5.609062951572863
9528,LogReg_alpha_balanced_Hard_Run_3_Round_4,mProb_1,Max,0.0313,0.9823,0.951,0.9823,1.0,1.0,0.5,605607,3,107944,12,2.7789099262662567e-05
7900,LogReg_alpha_balanced_Hard_Run_3_Round_4,mProb_10,Min,0.8166,0.9468,0.13019999999999998,0.8166,186.0,186.0,0.5,589115,16495,91698,16258,0.15279373077920635
9202,LogReg_alpha_balanced_Hard_Run_3_Round_4,mProb_10,Max,0.8166,0.9468,0.13019999999999998,0.9468,54.0,52.0,0.49056603773584906,604992,618,106640,1316,0.0057245544481084884
8269,LogReg_alpha_balanced_Hard_Run_3_Round_4,mProb_20,Min,0.8535,0.9243,0.07079999999999997,0.8535,314.0,308.0,0.49517684887459806,596102,9508,97306,10650,0.08807291859646522
8977,LogReg_alpha_balanced_Hard_Run_3_Round_4,mProb_20,Max,0.8535,0.9243,0.07079999999999997,0.9243,133.0,132.0,0.4981132075471698,603911,1699,105110,2846,0.015737893215754566
8375,LogReg_alpha_balanced_Hard_Run_3_Round_4,mProb_50,Min,0.8641,0.9068,0.04270000000000007,0.8641,694.0,672.0,0.49194729136163984,597731,7879,98716,9240,0.07298343769683946
8802,LogReg_alpha_balanced_Hard_Run_3_Round_4,mProb_50,Max,0.8641,0.9068,0.04270000000000007,0.9068,456.0,465.0,0.504885993485342,602626,2984,103601,4355,0.0276408907332617
8389,LogReg_alpha_balanced_Hard_Run_3_Round_4,mProb_100,Min,0.8655,0.9054,0.039899999999999936,0.8655,1406.0,1351.0,0.490025389916576,597914,7696,98906,9050,0.07128830264181704
8788,LogReg_alpha_balanced_Hard_Run_3_Round_4,mProb_100,Max,0.8655,0.9054,0.039899999999999936,0.9054,882.0,914.0,0.5089086859688196,602494,3116,103461,4495,0.02886361110081885
8447,LogReg_alpha_balanced_Hard_Run_3_Round_4,mProb_200,Min,0.8713,0.9001,0.028800000000000048,0.8713,2670.0,2567.0,0.49016612564445294,598716,6894,99709,8247,0.06385935010559858
8735,LogReg_alpha_balanced_Hard_Run_3_Round_4,mProb_200,Max,0.8713,0.9001,0.028800000000000048,0.9001,1885.0,1959.0,0.5096253902185224,602016,3594,102995,4961,0.03329134091666976
8510,LogReg_alpha_balanced_Hard_Run_3_Round_4,mProb_500,Min,0.8776,0.8979,0.020299999999999985,0.8776,6284.0,6052.0,0.4905966277561608,599506,6104,100476,7480,0.05654155396643077
8713,LogReg_alpha_balanced_Hard_Run_3_Round_4,mProb_500,Max,0.8776,0.8979,0.020299999999999985,0.8979,4916.0,5116.0,0.5099681020733652,601818,3792,102770,5186,0.035125421468005485
8567,LogReg_alpha_balanced_Hard_Run_3_Round_4,mProb_1000,Min,0.8833,0.8991,0.015800000000000036,0.8833,11938.0,11473.0,0.490068771090513,600250,5360,101174,6782,0.04964985734929045
8725,LogReg_alpha_balanced_Hard_Run_3_Round_4,mProb_1000,Max,0.8833,0.8991,0.015800000000000036,0.8991,9758.0,10140.0,0.5095989546688109,601918,3692,102898,5058,0.034199118159250065
144,LogReg_alpha_balanced_Medium_Run_3_Round_4,mProb_1,Min,0.0981,0.9424,0.8443,0.0981,1.0,1.0,0.5,249,605361,7,107949,5.607478972914891
8521,LogReg_alpha_balanced_Medium_Run_3_Round_4,mProb_1,Max,0.0981,0.9424,0.8443,0.9424,1.0,1.0,0.5,605603,7,107936,20,6.484123161287932e-05
7525,LogReg_alpha_balanced_Medium_Run_3_Round_4,mProb_10,Min,0.8367,0.9431,0.10640000000000005,0.8367,124.0,126.0,0.504,598912,6698,101503,6453,0.06204379562043796
8523,LogReg_alpha_balanced_Medium_Run_3_Round_4,mProb_10,Max,0.8367,0.9431,0.10640000000000005,0.9431,7.0,7.0,0.5,605603,7,107938,18,6.484123161287932e-05
7545,LogReg_alpha_balanced_Medium_Run_3_Round_4,mProb_20,Min,0.8387,0.9412,0.10250000000000004,0.8387,263.0,253.0,0.4903100775193798,599185,6425,101748,6208,0.059514987587535664
8514,LogReg_alpha_balanced_Medium_Run_3_Round_4,mProb_20,Max,0.8387,0.9412,0.10250000000000004,0.9412,16.0,16.0,0.5,605594,16,107932,24,0.00014820852940086702
7688,LogReg_alpha_balanced_Medium_Run_3_Round_4,mProb_50,Min,0.853,0.9275,0.07450000000000001,0.853,625.0,604.0,0.49145646867371845,601101,4509,103382,4574,0.04176701619178184
8425,LogReg_alpha_balanced_Medium_Run_3_Round_4,mProb_50,Max,0.853,0.9275,0.07450000000000001,0.9275,55.0,56.0,0.5045045045045045,605521,89,107841,115,0.0008244099447923228
7708,LogReg_alpha_balanced_Medium_Run_3_Round_4,mProb_100,Min,0.855,0.9098,0.05480000000000007,0.855,1176.0,1131.0,0.49024707412223667,601338,4272,103607,4349,0.039571677350031496
8256,LogReg_alpha_balanced_Medium_Run_3_Round_4,mProb_100,Max,0.855,0.9098,0.05480000000000007,0.9098,299.0,308.0,0.5074135090609555,605238,372,107457,499,0.003445848308570158
7779,LogReg_alpha_balanced_Medium_Run_3_Round_4,mProb_200,Min,0.8621,0.8996,0.03749999999999998,0.8621,2061.0,1992.0,0.4914877868245744,602099,3511,104349,3607,0.03252250917040276
8154,LogReg_alpha_balanced_Medium_Run_3_Round_4,mProb_200,Max,0.8621,0.8996,0.03749999999999998,0.8996,922.0,959.0,0.5098351940457203,604851,759,107050,906,0.0070306421134536294
7895,LogReg_alpha_balanced_Medium_Run_3_Round_4,mProb_500,Min,0.8737,0.8975,0.023799999999999932,0.8737,4303.0,4136.0,0.49010546273255123,603180,2430,105356,2600,0.022509170402756677
8133,LogReg_alpha_balanced_Medium_Run_3_Round_4,mProb_500,Max,0.8737,0.8975,0.023799999999999932,0.8975,2407.0,2503.0,0.509775967413442,604771,839,106940,1016,0.007771684760457964
8020,LogReg_alpha_balanced_Medium_Run_3_Round_4,mProb_1000,Min,0.8862,0.8888,0.0026000000000000467,0.8862,6762.0,6502.0,0.4901990349819059,604091,1519,106246,1710,0.014070547259994813
8046,LogReg_alpha_balanced_Medium_Run_3_Round_4,mProb_1000,Max,0.8862,0.8888,0.0026000000000000467,0.8888,6425.0,6208.0,0.491411382886092,604260,1350,106437,1519,0.012505094668198154
83,LogReg_alpha_balanced_Easy_Run_3_Round_4,mProb_1,Min,0.1955,0.8339,0.6384,0.1955,1.0,1.0,0.5,256,605354,7,107949,5.607414131683278
6249,LogReg_alpha_balanced_Easy_Run_3_Round_4,mProb_1,Max,0.1955,0.8339,0.6384,0.8339,1.0,1.0,0.5,605608,2,107953,3,1.8526066175108377e-05
6137,LogReg_alpha_balanced_Easy_Run_3_Round_4,mProb_10,Min,0.8033,0.8334,0.030100000000000016,0.8033,33.0,33.0,0.5,605297,313,107763,193,0.002899329356404461
6248,LogReg_alpha_balanced_Easy_Run_3_Round_4,mProb_10,Max,0.8033,0.8334,0.030100000000000016,0.8334,7.0,7.0,0.5,605607,3,107952,4,2.7789099262662567e-05
999,RFC_Hard_Run_3_Round_4,mProb_1,Min,0.204,0.3181,0.11410000000000001,0.204,29.0,29.0,0.5,559050,46560,81000,26956,0.431286820556523
2126,RFC_Hard_Run_3_Round_4,mProb_1,Max,0.204,0.3181,0.11410000000000001,0.3181,1.0,1.0,0.5,605608,2,107945,11,1.8526066175108377e-05
1745,RFC_Hard_Run_3_Round_4,mProb_10,Min,0.2786,0.3145,0.03589999999999999,0.2786,129.0,125.0,0.4921259842519685,603632,1978,104815,3141,0.018322279447182184
2102,RFC_Hard_Run_3_Round_4,mProb_10,Max,0.2786,0.3145,0.03589999999999999,0.3145,7.0,7.0,0.5,605598,12,107921,35,0.00011115639705065027
1757,RFC_Hard_Run_3_Round_4,mProb_20,Min,0.2798,0.2813,0.0015000000000000013,0.2798,225.0,221.0,0.49551569506726456,603775,1835,104951,3005,0.016997665715661938
1772,RFC_Hard_Run_3_Round_4,mProb_20,Max,0.2798,0.2813,0.0015000000000000013,0.2813,212.0,220.0,0.5092592592592593,603938,1672,105110,2846,0.015487791322390603
1763,RFC_Hard_Run_3_Round_4,mProb_50,Min,0.2804,0.2808,0.00040000000000001146,0.2804,579.0,560.0,0.4916593503072871,603844,1766,105021,2935,0.016358516432620696
1767,RFC_Hard_Run_3_Round_4,mProb_50,Max,0.2804,0.2808,0.00040000000000001146,0.2808,545.0,567.0,0.5098920863309353,603884,1726,105058,2898,0.015987995109118528
1771,RFC_Hard_Run_3_Round_4,mProb_100,Min,0.2812,0.2822,0.0010000000000000009,0.2812,1176.0,1133.0,0.49068860978778694,603926,1684,105098,2858,0.015598947719441253
1781,RFC_Hard_Run_3_Round_4,mProb_100,Max,0.2812,0.2822,0.0010000000000000009,0.2822,1079.0,1114.0,0.5079799361605107,604027,1583,105214,2742,0.01466338137759828
1787,RFC_Hard_Run_3_Round_4,mProb_200,Min,0.2828,0.2843,0.0015000000000000013,0.2828,2314.0,2229.0,0.4906449482720669,604089,1521,105288,2668,0.014089073326169922
1802,RFC_Hard_Run_3_Round_4,mProb_200,Max,0.2828,0.2843,0.0015000000000000013,0.2843,2079.0,2158.0,0.5093226339391078,604222,1388,105465,2491,0.012857089925525214
1840,RFC_Hard_Run_3_Round_4,mProb_500,Min,0.2881,0.2913,0.0031999999999999806,0.2881,6481.0,6243.0,0.4906475950958818,604529,1081,105868,2088,0.010013338767646079
1872,RFC_Hard_Run_3_Round_4,mProb_500,Max,0.2881,0.2913,0.0031999999999999806,0.2913,5029.0,5226.0,0.5096050706972208,604750,860,106168,1788,0.007966208455296603
1078,RFC_Medium_Run_3_Round_4,mProb_1,Min,0.2243,0.2693,0.044999999999999984,0.2243,62.0,63.0,0.504,591965,13645,97262,10694,0.1263940864796769
1514,RFC_Medium_Run_3_Round_4,mProb_1,Max,0.2243,0.2693,0.044999999999999984,0.2693,1.0,1.0,0.5,605606,4,107948,8,3.7052132350216754e-05
1260,RFC_Medium_Run_3_Round_4,mProb_10,Min,0.2425,0.2687,0.0262,0.2425,346.0,335.0,0.4919236417033774,602681,2929,105273,2683,0.02713142391344622
1509,RFC_Medium_Run_3_Round_4,mProb_10,Max,0.2425,0.2687,0.0262,0.2687,8.0,8.0,0.5,605603,7,107942,14,6.484123161287932e-05
1293,RFC_Medium_Run_3_Round_4,mProb_20,Min,0.2458,0.2653,0.01949999999999999,0.2458,488.0,481.0,0.49638802889576883,603716,1894,106144,1812,0.017544184667827634
1486,RFC_Medium_Run_3_Round_4,mProb_20,Max,0.2458,0.2653,0.01949999999999999,0.2653,29.0,28.0,0.49122807017543857,605577,33,107911,45,0.00030568009188928824
1356,RFC_Medium_Run_3_Round_4,mProb_50,Min,0.2521,0.2659,0.013800000000000034,0.2521,607.0,585.0,0.49077181208053694,604879,731,107248,708,0.006771277187002112
1491,RFC_Medium_Run_3_Round_4,mProb_50,Max,0.2521,0.2659,0.013800000000000034,0.2659,75.0,73.0,0.49324324324324326,605583,27,107920,36,0.00025010189336396307
1338,RFC_Medium_Run_3_Round_4,mProb_100,Min,0.2503,0.2641,0.013799999999999979,0.2503,1589.0,1531.0,0.4907051282051282,604652,958,107030,926,0.008873985697876913
1475,RFC_Medium_Run_3_Round_4,mProb_100,Max,0.2503,0.2641,0.013799999999999979,0.2641,212.0,207.0,0.49403341288782815,605562,48,107904,52,0.0004446255882026011
970,RFC_Easy_Run_3_Round_4,mProb_1,Min,0.205,0.2219,0.0169,0.205,32.0,32.0,0.5,597968,7642,104301,3655,0.0707880988550891
1133,RFC_Easy_Run_3_Round_4,mProb_1,Max,0.205,0.2219,0.0169,0.2219,6.0,6.0,0.5,605610,0,107956,0,0.0
1297,RUSBoost_Hard_Run_3_Round_6,mProb_1,Min,0.500388,0.500997,0.0006089999999999707,0.500388,111.0,114.0,0.5066666666666667,592242,13368,93985,13971,0.12382822631442439
1856,RUSBoost_Hard_Run_3_Round_6,mProb_1,Max,0.500388,0.500997,0.0006089999999999707,0.500997,1.0,1.0,0.5,605607,3,107950,6,2.7789099262662567e-05
1367,RUSBoost_Hard_Run_3_Round_6,mProb_10,Min,0.500458,0.500567,0.00010900000000002574,0.500458,670.0,646.0,0.4908814589665654,598309,7301,99168,8788,0.06762940457223313
1476,RUSBoost_Hard_Run_3_Round_6,mProb_10,Max,0.500458,0.500567,0.00010900000000002574,0.500567,287.0,296.0,0.5077186963979416,603071,2539,104041,3915,0.023518841009300084
1368,RUSBoost_Hard_Run_3_Round_6,mProb_20,Min,0.500459,0.500562,0.00010299999999996423,0.500459,1287.0,1241.0,0.4909018987341772,598376,7234,99241,8715,0.067008781355367
1471,RUSBoost_Hard_Run_3_Round_6,mProb_20,Max,0.500459,0.500562,0.00010299999999996423,0.500562,578.0,595.0,0.5072463768115942,602928,2682,103878,4078,0.024843454740820333
1378,RUSBoost_Hard_Run_3_Round_6,mProb_50,Min,0.500469,0.50052,5.099999999991223e-05,0.500469,3044.0,2928.0,0.4902880107166778,599014,6596,99850,8106,0.06109896624550743
1429,RUSBoost_Hard_Run_3_Round_6,mProb_50,Max,0.500469,0.50052,5.099999999991223e-05,0.50052,2011.0,2084.0,0.5089133089133089,601556,4054,102412,5544,0.03755233613694468
1382,RUSBoost_Hard_Run_3_Round_6,mProb_100,Min,0.500473,0.500524,5.100000000002325e-05,0.500473,6012.0,5793.0,0.49072426937738245,599263,6347,100093,7863,0.05879247100670643
1433,RUSBoost_Hard_Run_3_Round_6,mProb_100,Max,0.500473,0.500524,5.100000000002325e-05,0.500524,3963.0,4114.0,0.5093475300235236,601716,3894,102574,5382,0.03607025084293601
1412,RUSBoost_Hard_Run_3_Round_6,mProb_200,Min,0.500503,0.500536,3.2999999999949736e-05,0.500503,10142.0,9760.0,0.49040297457541954,600830,4780,101669,6287,0.044277298158509025
1445,RUSBoost_Hard_Run_3_Round_6,mProb_200,Max,0.500503,0.500536,3.2999999999949736e-05,0.500536,7692.0,7987.0,0.5094074877224313,602120,3490,103010,4946,0.03232798547556412
1511,RUSBoost_Hard_Run_3_Round_6,mProb_500,Min,0.500602,0.500639,3.6999999999953737e-05,0.500602,18083.0,17377.0,0.4900451212633954,603851,1759,104954,3002,0.01629367520100782
1548,RUSBoost_Hard_Run_3_Round_6,mProb_500,Max,0.500602,0.500639,3.6999999999953737e-05,0.500639,13351.0,13890.0,0.5098931757277633,604411,1199,105736,2220,0.011106376671977473
54,RUSBoost_Medium_Run_3_Round_5,mProb_1,Min,0.48023,0.51021,0.029980000000000062,0.48023,1.0,1.0,0.5,58,605552,4,107952,5.609248212234614
2912,RUSBoost_Medium_Run_3_Round_5,mProb_1,Max,0.48023,0.51021,0.029980000000000062,0.51021,1.0,1.0,0.5,605580,30,107946,10,0.0002778909926266257
2874,RUSBoost_Medium_Run_3_Round_5,mProb_10,Min,0.50935,0.51062,0.0012699999999999934,0.50935,7.0,7.0,0.5,605549,61,107927,29,0.0005650450183408056
2921,RUSBoost_Medium_Run_3_Round_5,mProb_10,Max,0.50935,0.51062,0.0012699999999999934,0.51062,6.0,6.0,0.5,605583,27,107952,4,0.00025010189336396307
2916,RUSBoost_Medium_Run_3_Round_5,mProb_20,Min,0.51036,0.5104,3.999999999992898e-05,0.51036,12.0,12.0,0.5,605582,28,107948,8,0.0002593649264515173
2919,RUSBoost_Medium_Run_3_Round_5,mProb_20,Max,0.51036,0.5104,3.999999999992898e-05,0.5104,12.0,12.0,0.5,605583,27,107950,6,0.00025010189336396307
304,RUSBoost_Easy_Run_3_Round_4,mProb_1,Min,0.5139,0.5261,0.012199999999999989,0.5139,2.0,2.0,0.5,602340,3270,106853,1103,0.030290118196302198
379,RUSBoost_Easy_Run_3_Round_4,mProb_1,Max,0.5139,0.5261,0.012199999999999989,0.5261,1.0,1.0,0.5,605562,48,107942,14,0.0004446255882026011
