Index,Filename,Roll,Min/Max,Min,Max,Diff,y_proba,Neg,Pos,mprob,TN,FP,FN,TP,FP/P,,,Model,Features,Roll,$p$,Neg,Pos,$m$Prob,TP,Recall,Model & Features & Roll & $p$ & Neg & Pos & $m$Prob & TP & Recall
2659,BRFC_alpha_0_5_Hard_Run_0_Round_4,mProb_50,Max,0.7843,0.7958,0.0115,0.7958,3217,3275,0.504467036,591938,13672,84224,23732,0.126644188,23732,1,"Bal RF, $\alpha = 0.5$",Hard,50,0.5214,"3,217","3,275",0.5045,"23,732",0.2198,"Bal RF, $\alpha = 0.5$ & Hard & 50 & 0.5214 & 3,217 & 3,275 & 0.5045 & 23,732 & 0.2198"
3248,BRFC_alpha_balanced_Hard_Run_0_Round_4,mProb_200,Max,0.7836,0.7922,0.0086,0.7922,5095,5141,0.502246971,592229,13381,84909,23047,0.123948646,23047,1,,,,,,,,,,
5267,KBFC_alpha_0_5_gamma_1_0_Hard_Run_0_Round_4,mProb_200,Max,0.5137,0.529,0.0153,0.529,2446,2535,0.508933949,596820,8790,92949,15007,0.081422061,15007,1,"Keras, $\alpha = 0.5$, $\gamma = 1.0$",Hard,200,0.5415,"2,446","2,535",0.5089,"15,007",0.139,"Keras, $\alpha = 0.5$, $\gamma = 1.0$ & Hard & 200 & 0.5415 & 2,446 & 2,535 & 0.5089 & 15,007 & 0.139"
4994,KBFC_alpha_0_5_gamma_2_0_Hard_Run_0_Round_4,mProb_500,Max,0.5108,0.5192,0.0084,0.5192,9151,9511,0.509645268,596827,8783,93246,14710,0.08135722,14710,1,,,,,,,,,,
5576,KBFC_alpha_0_5_gamma_0_0_Hard_Run_0_Round_4,mProb_500,Max,0.5253,0.5576,0.0323,0.5576,3525,3663,0.509599332,596903,8707,93460,14496,0.080653229,14496,1,,,,,,,,,,
8814,KBFC_alpha_balanced_gamma_0_0_Hard_Run_0_Round_4,mProb_500,Max,0.8723,0.8814,0.0091,0.8814,7642,7951,0.509908292,596829,8781,93597,14359,0.081338694,14359,1,,,,,,,,,,
5499,LogReg_alpha_0_5_Hard_Run_0_Round_4,mProb_500,Max,0.5201,0.554,0.0339,0.554,2518,2613,0.509257455,600506,5104,101040,6916,0.047278521,6916,1,"Log Reg, $\alpha = 0.5$",Hard,500,0.5005,"2,518","2,613",0.5093,"6,916",0.0641,"Log Reg, $\alpha = 0.5$ & Hard & 500 & 0.5005 & 2,518 & 2,613 & 0.5093 & 6,916 & 0.0641"
8407,BRFC_alpha_0_5_Medium_Run_0_Round_4,mProb_200,Max,0.885,0.8957,0.0107,0.8957,2266,2339,0.507926167,600649,4961,101592,6364,0.045953907,6364,2,"Bal RF, $\alpha = 0.5$",Medium,200,0.5006,"2,266","2,339",0.5079,"6,364",0.0589,"Bal RF, $\alpha = 0.5$ & Medium & 200 & 0.5006 & 2,266 & 2,339 & 0.5079 & 6,364 & 0.0589"
1430,RUSBoost_Hard_Run_0_Round_6,mProb_100,Max,0.500481,0.500523,4.20E-05,0.500523,3980,4142,0.509972913,601582,4028,102427,5529,0.037311497,5529,1,RUSBoost,Hard,100,0.8858,"3,980","4,142",0.51,"5,529",0.0512,"RUSBoost & Hard & 100 & 0.8858 & 3,980 & 4,142 & 0.51 & 5,529 & 0.0512"
1418,AdaBoost_Hard_Run_0_Round_5,mProb_20,Max,0.50031,0.50095,0.00064,0.50095,786,814,0.50875,601675,3935,102582,5374,0.036450035,5374,1,,,,,,,,,,
8714,LogReg_alpha_balanced_Hard_Run_0_Round_4,mProb_200,Max,0.8733,0.8983,0.025,0.8983,1918,1993,0.509588341,601843,3767,102788,5168,0.034893846,5168,1,,,,,,,,,,
1881,BalBag_Medium_Run_0_Round_4,mProb_20,Max,0.9727,0.9727,0,0.9727,4727,4864,0.507142112,601133,4477,103288,4668,0.041470599,4668,2,"BalBag, $\alpha = 0.85$",Medium,20,0.5195,"4,727","4,864",0.5071,"4,668",0.0432,"BalBag, $\alpha = 0.85$ & Medium & 20 & 0.5195 & 4,727 & 4,864 & 0.5071 & 4,668 & 0.0432"
5450,KBFC_alpha_0_5_gamma_0_0_Medium_Run_0_Round_4,mProb_500,Max,0.5294,0.5463,0.0169,0.5463,2352,2442,0.509386733,602154,3456,103547,4409,0.032013042,4409,2,"Keras, $\alpha = 0.5$, $\gamma = 0.0$",Medium,500,0.5222,"2,352","2,442",0.5094,"4,409",0.0408,"Keras, $\alpha = 0.5$, $\gamma = 0.0$ & Medium & 500 & 0.5222 & 2,352 & 2,442 & 0.5094 & 4,409 & 0.0408"
4903,KBFC_alpha_0_5_gamma_1_0_Medium_Run_0_Round_4,mProb_200,Max,0.5126,0.5263,0.0137,0.5263,1597,1655,0.508917589,602215,3395,103618,4338,0.031447997,4338,2,,,,,,,,,,
4237,KBFC_alpha_0_5_gamma_2_0_Medium_Run_0_Round_4,mProb_100,Max,0.519,0.5254,0.0064,0.5254,1164,1198,0.50719729,602326,3284,103869,4087,0.030419801,4087,2,,,,,,,,,,
8669,KBFC_alpha_balanced_gamma_0_0_Medium_Run_0_Round_4,mProb_500,Max,0.8688,0.88,0.0112,0.88,4715,4900,0.509620385,602878,2732,104396,3560,0.025306606,3560,2,,,,,,,,,,
8962,BRFC_alpha_balanced_Medium_Run_0_Round_4,mProb_1000,Max,0.9326,0.9353,0.0027,0.9353,8397,8235,0.49512987,602886,2724,104701,3255,0.025232502,3255,2,,,,,,,,,,
1660,RFC_Hard_Run_0_Round_4,mProb_20,Max,0.2718,0.2722,0.0004,0.2722,296,306,0.508305648,604026,1584,105165,2791,0.014672644,2791,1,,,,,,,,,,
987,EEC_Hard_Run_0_Round_4,mProb_100,Max,0.5585,0.5606,0.0021,0.5606,3358,3480,0.508920737,603882,1728,105819,2137,0.016006521,2137,1,,,,,,,,,,
8998,BalBag_Easy_Run_0_Round_4,mProb_20,Min,0.9528,0.9532,0.0004,0.9528,65,64,0.496124031,603610,2000,106286,1670,0.018526066,1670,3,,,,,,,,,,
5641,LogReg_alpha_0_5_Medium_Run_0_Round_4,mProb_500,Max,0.5173,0.5781,0.0608,0.5781,1269,1319,0.509659969,604343,1267,106454,1502,0.011736263,1502,2,,,,,,,,,,
1144,AdaBoost_Medium_Run_0_Round_5,mProb_50,Max,0.50025,0.50087,0.00062,0.50087,1173,1215,0.50879397,604460,1150,106583,1373,0.010652488,1373,2,,,,,,,,,,
8065,LogReg_alpha_balanced_Medium_Run_0_Round_4,mProb_200,Max,0.8655,0.8913,0.0258,0.8913,1169,1209,0.508410429,604421,1189,106583,1373,0.011013746,1373,2,,,,,,,,,,
9630,BRFC_alpha_0_5_Easy_Run_0_Round_4,mProb_500,Max,0.9643,0.9648,0.0005,0.9648,1610,1601,0.498598567,604973,637,107196,760,0.005900552,760,3,"Bal RF, $\alpha = 0.5$",Easy,500,0.5522,"1,610","1,601",0.4986,760,0.007,"Bal RF, $\alpha = 0.5$ & Easy & 500 & 0.5522 & 1,610 & 1,601 & 0.4986 & 760 & 0.007"
9868,BRFC_alpha_balanced_Easy_Run_0_Round_4,mProb_100,Max,0.9918,0.9936,0.0018,0.9936,522,541,0.508936971,605343,267,107619,337,0.00247323,337,3,,,,,,,,,,
830,EEC_Medium_Run_0_Round_4,mProb_100,Max,0.5516,0.5528,0.0012,0.5528,2280,2212,0.492430988,605354,256,107619,337,0.002371336,337,2,,,,,,,,,,
1609,RFC_Medium_Run_0_Round_4,mProb_100,Max,0.259,0.2674,0.0084,0.2674,279,271,0.492727273,605558,52,107896,60,0.000481678,60,2,,,,,,,,,,
7546,KBFC_alpha_balanced_gamma_0_0_Easy_Run_0_Round_4,mProb_10,Max,0.7982,0.8542,0.056,0.8542,12,12,0.5,605568,42,107923,33,0.000389047,33,3,"Keras, $\alpha = 0.85$, $\gamma = 0.0$",Easy,10,0.5174,12,12,0.5,33,0.0003,"Keras, $\alpha = 0.85$, $\gamma = 0.0$ & Easy & 10 & 0.5174 & 12 & 12 & 0.5 & 33 & 0.0003"
3364,KBFC_alpha_0_5_gamma_2_0_Easy_Run_0_Round_4,mProb_20,Max,0.4825,0.5174,0.0349,0.5174,13,13,0.5,605560,50,107926,30,0.000463152,30,3,,,,,,,,,,
4196,KBFC_alpha_0_5_gamma_1_0_Easy_Run_0_Round_4,mProb_20,Max,0.4834,0.5513,0.0679,0.5513,13,13,0.5,605591,19,107939,17,0.000175998,17,3,,,,,,,,,,
3870,LogReg_alpha_0_5_Easy_Run_0_Round_4,mProb_1,Max,0.2912,0.4402,0.149,0.4402,1,1,0.5,605596,14,107944,12,0.000129682,12,3,,,,,,,,,,
1936,RUSBoost_Medium_Run_0_Round_5,mProb_1,Max,0.49014,0.51056,0.02042,0.51056,1,1,0.5,605589,21,107948,8,0.000194524,8,2,,,,,,,,,,
6264,LogReg_alpha_balanced_Easy_Run_0_Round_4,mProb_20,Max,0.8225,0.828,0.0055,0.828,10,10,0.5,605605,5,107952,4,4.63E-05,4,3,,,,,,,,,,
7167,AdaBoost_Easy_Run_0_Round_6,mProb_10,Max,0.499165,0.499692,0.000527,0.499692,5,5,0.5,605608,2,107954,2,1.85E-05,2,3,,,,,,,,,,
292,RUSBoost_Easy_Run_0_Round_4,mProb_1,Max,0.5142,0.5489,0.0347,0.5489,1,1,0.5,605599,11,107955,1,0.000101893,1,3,,,,,,,,,,
1266,AdaBoost_Hard_Run_0_Round_5,mProb_1,Min,0.49943,0.50499,0.00556,0.49943,109,111,0.504545455,590307,15303,92704,15252,0.141752195,,,,,,,,,,,,
1805,AdaBoost_Hard_Run_0_Round_5,mProb_1,Max,0.49943,0.50499,0.00556,0.50499,1,1,0.5,605602,8,107919,37,7.41E-05,,,,,,,,,,,,
1329,AdaBoost_Hard_Run_0_Round_5,mProb_10,Min,0.50006,0.50155,0.00149,0.50006,772,746,0.4914361,596641,8969,97742,10214,0.083080144,,,,,,,,,,,,
1478,AdaBoost_Hard_Run_0_Round_5,mProb_10,Max,0.50006,0.50155,0.00149,0.50155,233,238,0.505307856,603392,2218,104558,3398,0.020545407,,,,,,,,,,,,
1354,AdaBoost_Hard_Run_0_Round_5,mProb_20,Min,0.50031,0.50095,0.00064,0.50031,1256,1210,0.490673155,598389,7221,99424,8532,0.066888362,,,,,,,,,,,,
1368,AdaBoost_Hard_Run_0_Round_5,mProb_50,Min,0.50045,0.50092,0.00047,0.50045,2908,2818,0.492141111,599270,6340,100217,7739,0.05872763,,,,,,,,,,,,
1415,AdaBoost_Hard_Run_0_Round_5,mProb_50,Max,0.50045,0.50092,0.00047,0.50092,1988,2055,0.508285926,601540,4070,102442,5514,0.037700545,,,,,,,,,,,,
1375,AdaBoost_Hard_Run_0_Round_5,mProb_100,Min,0.50052,0.50091,0.00039,0.50052,5626,5419,0.490629244,599693,5917,100604,7352,0.054809367,,,,,,,,,,,,
1414,AdaBoost_Hard_Run_0_Round_5,mProb_100,Max,0.50052,0.50091,0.00039,0.50091,4072,4230,0.509515779,601503,4107,102386,5570,0.038043277,,,,,,,,,,,,
1394,AdaBoost_Hard_Run_0_Round_5,mProb_200,Min,0.50071,0.50113,0.00042,0.50071,10278,9875,0.490001489,600642,4968,101539,6417,0.046018748,,,,,,,,,,,,
1436,AdaBoost_Hard_Run_0_Round_5,mProb_200,Max,0.50071,0.50113,0.00042,0.50113,7304,7581,0.509304669,602291,3319,103273,4683,0.030744007,,,,,,,,,,,,
1499,AdaBoost_Hard_Run_0_Round_5,mProb_500,Min,0.50176,0.50215,0.00039,0.50176,17649,16976,0.490281588,603835,1775,105081,2875,0.016441884,,,,,,,,,,,,
1538,AdaBoost_Hard_Run_0_Round_5,mProb_500,Max,0.50176,0.50215,0.00039,0.50215,12803,13317,0.509839204,604436,1174,105850,2106,0.010874801,,,,,,,,,,,,
7,AdaBoost_Medium_Run_0_Round_5,mProb_1,Min,0.48915,0.50277,0.01362,0.48915,1,1,0.5,9,605601,1,107955,5.609702101,,,,,,,,,,,,
1319,AdaBoost_Medium_Run_0_Round_5,mProb_1,Max,0.48915,0.50277,0.01362,0.50277,1,1,0.5,605609,1,107951,5,9.26E-06,,,,,,,,,,,,
1071,AdaBoost_Medium_Run_0_Round_5,mProb_10,Min,0.50014,0.50256,0.00242,0.50014,534,527,0.496701225,601836,3774,103998,3958,0.034958687,,,,,,,,,,,,
1307,AdaBoost_Medium_Run_0_Round_5,mProb_10,Max,0.50014,0.50256,0.00242,0.50256,9,9,0.5,605602,8,107937,19,7.41E-05,,,,,,,,,,,,
1070,AdaBoost_Medium_Run_0_Round_5,mProb_20,Min,0.50013,0.50253,0.0024,0.50013,1099,1060,0.490968041,601782,3828,103959,3997,0.035458891,,,,,,,,,,,,
1306,AdaBoost_Medium_Run_0_Round_5,mProb_20,Max,0.50013,0.50253,0.0024,0.50253,19,19,0.5,605601,9,107937,19,8.34E-05,,,,,,,,,,,,
1082,AdaBoost_Medium_Run_0_Round_5,mProb_50,Min,0.50025,0.50087,0.00062,0.50025,2382,2293,0.490481283,602383,3227,104556,3400,0.029891808,,,,,,,,,,,,
1102,AdaBoost_Medium_Run_0_Round_5,mProb_100,Min,0.50045,0.50104,0.00059,0.50045,3983,3839,0.490795193,603207,2403,105369,2587,0.022259069,,,,,,,,,,,,
1161,AdaBoost_Medium_Run_0_Round_5,mProb_100,Max,0.50045,0.50104,0.00059,0.50104,1885,1956,0.509242385,604792,818,106955,1001,0.007577161,,,,,,,,,,,,
1126,AdaBoost_Medium_Run_0_Round_5,mProb_200,Min,0.50069,0.50123,0.00054,0.50069,6706,6462,0.490735115,603970,1640,106110,1846,0.015191374,,,,,,,,,,,,
1180,AdaBoost_Medium_Run_0_Round_5,mProb_200,Max,0.50069,0.50123,0.00054,0.50123,3342,3469,0.509323154,605087,523,107303,653,0.004844566,,,,,,,,,,,,
62,AdaBoost_Easy_Run_0_Round_6,mProb_1,Min,0.492063,0.499421,0.007358,0.492063,1,1,0.5,134,605476,2,107954,5.608544222,,,,,,,,,,,,
7149,AdaBoost_Easy_Run_0_Round_6,mProb_1,Max,0.492063,0.499421,0.007358,0.499421,3,3,0.5,605596,14,107941,15,0.000129682,,,,,,,,,,,,
7023,AdaBoost_Easy_Run_0_Round_6,mProb_10,Min,0.499165,0.499692,0.000527,0.499165,16,16,0.5,605259,351,107733,223,0.003251325,,,,,,,,,,,,
7153,AdaBoost_Easy_Run_0_Round_6,mProb_20,Min,0.499445,0.49951,6.50E-05,0.499445,20,20,0.5,605601,9,107947,9,8.34E-05,,,,,,,,,,,,
7159,AdaBoost_Easy_Run_0_Round_6,mProb_20,Max,0.499445,0.49951,6.50E-05,0.49951,16,16,0.5,605604,6,107950,6,5.56E-05,,,,,,,,,,,,
55,BalBag_Hard_Run_0_Round_4,mProb_1,Min,0.355,0.9667,0.6117,0.355,1,1,0.5,366194,239416,24371,83585,2.21771833,,,,,,,,,,,,
222,BalBag_Hard_Run_0_Round_4,mProb_1,Max,0.355,0.9667,0.6117,0.9667,21,21,0.5,602185,3425,101508,6448,0.031725888,,,,,,,,,,,,
203,BalBag_Hard_Run_0_Round_4,mProb_10,Min,0.8767,0.8767,0,0.8767,75,75,0.5,593474,12136,90975,16981,0.11241617,,,,,,,,,,,,
194,BalBag_Hard_Run_0_Round_4,mProb_20,Min,0.8389,0.85,0.0111,0.8389,181,186,0.506811989,593339,12271,90813,17143,0.113666679,,,,,,,,,,,,
196,BalBag_Hard_Run_0_Round_4,mProb_20,Max,0.8389,0.85,0.0111,0.85,193,194,0.50129199,593414,12196,90906,17050,0.112971952,,,,,,,,,,,,
205,BalBag_Hard_Run_0_Round_4,mProb_50,Min,0.8833,0.8833,0,0.8833,28652,29782,0.509669028,593489,12121,90984,16972,0.112277224,,,,,,,,,,,,
205,BalBag_Hard_Run_0_Round_4,mProb_50,Max,0.8833,0.8833,0,0.8833,28652,29782,0.509669028,593489,12121,90984,16972,0.112277224,,,,,,,,,,,,
15,BalBag_Medium_Run_0_Round_4,mProb_1,Min,0.0476,0.9625,0.9149,0.0476,1,1,0.5,56102,549508,2751,105205,5.090110786,,,,,,,,,,,,
1872,BalBag_Medium_Run_0_Round_4,mProb_1,Max,0.0476,0.9625,0.9149,0.9625,1,1,0.5,600885,4725,103093,4863,0.043767831,,,,,,,,,,,,
1881,BalBag_Medium_Run_0_Round_4,mProb_20,Min,0.9727,0.9727,0,0.9727,4727,4864,0.507142112,601133,4477,103288,4668,0.041470599,,,,,,,,,,,,
20,BalBag_Easy_Run_0_Round_4,mProb_1,Min,0.0078,0.9865,0.9787,0.0078,1,1,0.5,28211,577399,1864,106092,5.348466042,,,,,,,,,,,,
9132,BalBag_Easy_Run_0_Round_4,mProb_1,Max,0.0078,0.9865,0.9787,0.9865,1,1,0.5,604683,927,107088,868,0.008586832,,,,,,,,,,,,
8731,BalBag_Easy_Run_0_Round_4,mProb_10,Min,0.9146,0.9886,0.074,0.9146,52,52,0.5,601321,4289,104888,3068,0.039729149,,,,,,,,,,,,
9137,BalBag_Easy_Run_0_Round_4,mProb_10,Max,0.9146,0.9886,0.074,0.9886,55,53,0.490740741,604704,906,107109,847,0.008392308,,,,,,,,,,,,
9001,BalBag_Easy_Run_0_Round_4,mProb_20,Max,0.9528,0.9532,0.0004,0.9532,68,66,0.492537313,603616,1994,106289,1667,0.018470488,,,,,,,,,,,,
340,BRFC_alpha_0_5_Hard_Run_0_Round_4,mProb_1,Min,0.2058,0.9733,0.7675,0.2058,1,1,0.5,113397,492213,2196,105760,4.559385305,,,,,,,,,,,,
3135,BRFC_alpha_0_5_Hard_Run_0_Round_4,mProb_1,Max,0.2058,0.9733,0.7675,0.9733,1,1,0.5,605466,144,107309,647,0.001333877,,,,,,,,,,,,
2395,BRFC_alpha_0_5_Hard_Run_0_Round_4,mProb_10,Min,0.7317,0.8333,0.1016,0.7317,13,13,0.5,578724,26886,73514,34442,0.249045908,,,,,,,,,,,,
2797,BRFC_alpha_0_5_Hard_Run_0_Round_4,mProb_10,Max,0.7317,0.8333,0.1016,0.8333,24,24,0.5,597470,8140,90826,17130,0.075401089,,,,,,,,,,,,
2567,BRFC_alpha_0_5_Hard_Run_0_Round_4,mProb_20,Min,0.7733,0.8047,0.0314,0.7733,100,104,0.509803922,588279,17331,80677,27279,0.160537626,,,,,,,,,,,,
2689,BRFC_alpha_0_5_Hard_Run_0_Round_4,mProb_20,Max,0.7733,0.8047,0.0314,0.8047,106,110,0.509259259,593500,12110,85844,22112,0.112175331,,,,,,,,,,,,
2610,BRFC_alpha_0_5_Hard_Run_0_Round_4,mProb_50,Min,0.7843,0.7958,0.0115,0.7843,3481,3361,0.491230634,590167,15443,82448,25508,0.14304902,,,,,,,,,,,,
2603,BRFC_alpha_0_5_Hard_Run_0_Round_4,mProb_100,Min,0.7827,0.796,0.0133,0.7827,3655,3536,0.491725768,590141,15469,82415,25541,0.143289859,,,,,,,,,,,,
2660,BRFC_alpha_0_5_Hard_Run_0_Round_4,mProb_100,Max,0.7827,0.796,0.0133,0.796,3419,3498,0.505710568,591942,13668,84227,23729,0.126607136,,,,,,,,,,,,
2616,BRFC_alpha_0_5_Hard_Run_0_Round_4,mProb_200,Min,0.7858,0.7943,0.0085,0.7858,8776,8605,0.495080835,590212,15398,82494,25462,0.142632183,,,,,,,,,,,,
2652,BRFC_alpha_0_5_Hard_Run_0_Round_4,mProb_200,Max,0.7858,0.7943,0.0085,0.7943,9886,10112,0.505650565,591898,13712,84177,23779,0.12701471,,,,,,,,,,,,
2639,BRFC_alpha_0_5_Hard_Run_0_Round_4,mProb_500,Min,0.7911,0.799,0.0079,0.7911,20882,20625,0.496904137,591863,13747,84133,23823,0.127338916,,,,,,,,,,,,
2673,BRFC_alpha_0_5_Hard_Run_0_Round_4,mProb_500,Max,0.7911,0.799,0.0079,0.799,21603,21978,0.504302334,591981,13629,84282,23674,0.126245878,,,,,,,,,,,,
11,BRFC_alpha_0_5_Medium_Run_0_Round_4,mProb_1,Min,0.0071,0.9943,0.9872,0.0071,2,2,0.5,433,605177,10,107946,5.605774575,,,,,,,,,,,,
9019,BRFC_alpha_0_5_Medium_Run_0_Round_4,mProb_1,Max,0.0071,0.9943,0.9872,0.9943,1,1,0.5,605551,59,107779,177,0.000546519,,,,,,,,,,,,
7934,BRFC_alpha_0_5_Medium_Run_0_Round_4,mProb_10,Min,0.8456,0.9827,0.1371,0.8456,53,54,0.504672897,593283,12327,95138,12818,0.114185409,,,,,,,,,,,,
8998,BRFC_alpha_0_5_Medium_Run_0_Round_4,mProb_10,Max,0.8456,0.9827,0.1371,0.9827,10,10,0.5,605428,182,107528,428,0.001685872,,,,,,,,,,,,
8065,BRFC_alpha_0_5_Medium_Run_0_Round_4,mProb_20,Min,0.8594,0.9733,0.1139,0.8594,783,781,0.499360614,595442,10168,96860,11096,0.09418652,,,,,,,,,,,,
8975,BRFC_alpha_0_5_Medium_Run_0_Round_4,mProb_20,Max,0.8594,0.9733,0.1139,0.9733,47,48,0.505263158,605254,356,107197,759,0.00329764,,,,,,,,,,,,
8247,BRFC_alpha_0_5_Medium_Run_0_Round_4,mProb_50,Min,0.8784,0.9459,0.0675,0.8784,914,880,0.490523969,598471,7139,99405,8551,0.066128793,,,,,,,,,,,,
8829,BRFC_alpha_0_5_Medium_Run_0_Round_4,mProb_50,Max,0.8784,0.9459,0.0675,0.9459,175,182,0.509803922,604337,1273,105758,2198,0.011791841,,,,,,,,,,,,
8305,BRFC_alpha_0_5_Medium_Run_0_Round_4,mProb_100,Min,0.8848,0.9141,0.0293,0.8848,1784,1841,0.507862069,599388,6222,100318,7638,0.057634592,,,,,,,,,,,,
8576,BRFC_alpha_0_5_Medium_Run_0_Round_4,mProb_100,Max,0.8848,0.9141,0.0293,0.9141,868,879,0.503148254,602375,3235,103464,4492,0.029965912,,,,,,,,,,,,
8307,BRFC_alpha_0_5_Medium_Run_0_Round_4,mProb_200,Min,0.885,0.8957,0.0107,0.885,2622,2525,0.490577035,599536,6074,100433,7523,0.056263663,,,,,,,,,,,,
8371,BRFC_alpha_0_5_Medium_Run_0_Round_4,mProb_500,Min,0.8918,0.9011,0.0093,0.8918,5892,5682,0.490927942,600365,5245,101310,6646,0.048584609,,,,,,,,,,,,
8456,BRFC_alpha_0_5_Medium_Run_0_Round_4,mProb_500,Max,0.8918,0.9011,0.0093,0.9011,5311,5459,0.506870938,601387,4223,102391,5565,0.039117789,,,,,,,,,,,,
8385,BRFC_alpha_0_5_Medium_Run_0_Round_4,mProb_1000,Min,0.8933,0.9058,0.0125,0.8933,12091,11639,0.49047619,600483,5127,101419,6537,0.047491571,,,,,,,,,,,,
8501,BRFC_alpha_0_5_Medium_Run_0_Round_4,mProb_1000,Max,0.8933,0.9058,0.0125,0.9058,10777,11216,0.509980448,601647,3963,102643,5313,0.0367094,,,,,,,,,,,,
343,BRFC_alpha_0_5_Easy_Run_0_Round_4,mProb_1,Min,0.0354,0.9957,0.9603,0.0354,4,4,0.5,13183,592427,689,107267,5.487670903,,,,,,,,,,,,
9863,BRFC_alpha_0_5_Easy_Run_0_Round_4,mProb_1,Max,0.0354,0.9957,0.9603,0.9957,2,2,0.5,605485,125,107762,194,0.001157879,,,,,,,,,,,,
8862,BRFC_alpha_0_5_Easy_Run_0_Round_4,mProb_10,Min,0.8873,0.9954,0.1081,0.8873,80,77,0.49044586,600079,5531,103691,4265,0.051233836,,,,,,,,,,,,
9862,BRFC_alpha_0_5_Easy_Run_0_Round_4,mProb_10,Max,0.8873,0.9954,0.1081,0.9954,20,20,0.5,605483,127,107760,196,0.001176405,,,,,,,,,,,,
9383,BRFC_alpha_0_5_Easy_Run_0_Round_4,mProb_20,Min,0.9395,0.9945,0.055,0.9395,102,100,0.495049505,604017,1593,106366,1590,0.014756012,,,,,,,,,,,,
9857,BRFC_alpha_0_5_Easy_Run_0_Round_4,mProb_20,Max,0.9395,0.9945,0.055,0.9945,36,37,0.506849315,605472,138,107749,207,0.001278299,,,,,,,,,,,,
9555,BRFC_alpha_0_5_Easy_Run_0_Round_4,mProb_50,Min,0.9569,0.9825,0.0256,0.9569,162,156,0.490566038,604716,894,106964,992,0.008281152,,,,,,,,,,,,
9781,BRFC_alpha_0_5_Easy_Run_0_Round_4,mProb_50,Max,0.9569,0.9825,0.0256,0.9825,113,116,0.506550218,605343,267,107576,380,0.00247323,,,,,,,,,,,,
9633,BRFC_alpha_0_5_Easy_Run_0_Round_4,mProb_100,Min,0.9652,0.979,0.0138,0.9652,297,289,0.493174061,604987,623,107209,747,0.00577087,,,,,,,,,,,,
9755,BRFC_alpha_0_5_Easy_Run_0_Round_4,mProb_100,Max,0.9652,0.979,0.0138,0.979,235,243,0.508368201,605280,330,107509,447,0.003056801,,,,,,,,,,,,
9638,BRFC_alpha_0_5_Easy_Run_0_Round_4,mProb_200,Min,0.9658,0.975,0.0092,0.9658,579,557,0.490316901,604997,613,107219,737,0.005678239,,,,,,,,,,,,
9723,BRFC_alpha_0_5_Easy_Run_0_Round_4,mProb_200,Max,0.9658,0.975,0.0092,0.975,466,483,0.508956797,605208,402,107437,519,0.003723739,,,,,,,,,,,,
9626,BRFC_alpha_0_5_Easy_Run_0_Round_4,mProb_500,Min,0.9643,0.9648,0.0005,0.9643,1525,1471,0.490987984,604964,646,107187,769,0.005983919,,,,,,,,,,,,
163,BRFC_alpha_balanced_Hard_Run_0_Round_4,mProb_1,Min,0.1284,0.9765,0.8481,0.1284,1,1,0.5,47774,557836,575,107381,5.167253325,,,,,,,,,,,,
3938,BRFC_alpha_balanced_Hard_Run_0_Round_4,mProb_1,Max,0.1284,0.9765,0.8481,0.9765,1,1,0.5,605482,128,107399,557,0.001185668,,,,,,,,,,,,
1982,BRFC_alpha_balanced_Hard_Run_0_Round_4,mProb_10,Min,0.5529,0.946,0.3931,0.5529,7,7,0.5,496114,109496,42117,65839,1.014265071,,,,,,,,,,,,
3868,BRFC_alpha_balanced_Hard_Run_0_Round_4,mProb_10,Max,0.5529,0.946,0.3931,0.946,8,8,0.5,604892,718,105536,2420,0.006650858,,,,,,,,,,,,
3040,BRFC_alpha_balanced_Hard_Run_0_Round_4,mProb_20,Min,0.755,0.8642,0.1092,0.755,34,33,0.492537313,584899,20711,78403,29553,0.191846678,,,,,,,,,,,,
3595,BRFC_alpha_balanced_Hard_Run_0_Round_4,mProb_20,Max,0.755,0.8642,0.1092,0.8642,16,16,0.5,600511,5099,95878,12078,0.047232206,,,,,,,,,,,,
3039,BRFC_alpha_balanced_Hard_Run_0_Round_4,mProb_50,Min,0.7549,0.8159,0.061,0.7549,138,134,0.492647059,584897,20713,78402,29554,0.191865204,,,,,,,,,,,,
3382,BRFC_alpha_balanced_Hard_Run_0_Round_4,mProb_50,Max,0.7549,0.8159,0.061,0.8159,117,118,0.50212766,595185,10425,88265,19691,0.09656712,,,,,,,,,,,,
3179,BRFC_alpha_balanced_Hard_Run_0_Round_4,mProb_100,Min,0.7792,0.7993,0.0201,0.7792,1777,1708,0.49010043,588953,16657,81727,26229,0.154294342,,,,,,,,,,,,
3289,BRFC_alpha_balanced_Hard_Run_0_Round_4,mProb_100,Max,0.7792,0.7993,0.0201,0.7993,3240,3339,0.50752394,592353,13257,85044,22912,0.12280003,,,,,,,,,,,,
3196,BRFC_alpha_balanced_Hard_Run_0_Round_4,mProb_200,Min,0.7836,0.7922,0.0086,0.7836,6838,6611,0.491560711,590526,15084,83253,24703,0.139723591,,,,,,,,,,,,
3209,BRFC_alpha_balanced_Hard_Run_0_Round_4,mProb_500,Min,0.7855,0.7952,0.0097,0.7855,15039,14629,0.493090198,590541,15069,83260,24696,0.139584646,,,,,,,,,,,,
3263,BRFC_alpha_balanced_Hard_Run_0_Round_4,mProb_500,Max,0.7855,0.7952,0.0097,0.7952,15860,16025,0.502587424,592246,13364,84918,23038,0.123791174,,,,,,,,,,,,
3240,BRFC_alpha_balanced_Hard_Run_0_Round_4,mProb_1000,Min,0.7902,0.8,0.0098,0.7902,30974,30237,0.49397984,592220,13390,84905,23051,0.124032013,,,,,,,,,,,,
3295,BRFC_alpha_balanced_Hard_Run_0_Round_4,mProb_1000,Max,0.7902,0.8,0.0098,0.8,31785,32563,0.506045254,593806,11804,86608,21348,0.109340843,,,,,,,,,,,,
127,BRFC_alpha_balanced_Medium_Run_0_Round_4,mProb_1,Min,0.0416,0.9992,0.9576,0.0416,1,1,0.5,3798,601812,72,107884,5.574604468,,,,,,,,,,,,
9458,BRFC_alpha_balanced_Medium_Run_0_Round_4,mProb_1,Max,0.0416,0.9992,0.9576,0.9992,1,1,0.5,605556,54,107809,147,0.000500204,,,,,,,,,,,,
8109,BRFC_alpha_balanced_Medium_Run_0_Round_4,mProb_10,Min,0.8496,0.9977,0.1481,0.8496,810,830,0.506097561,590906,14704,94771,13185,0.136203639,,,,,,,,,,,,
9455,BRFC_alpha_balanced_Medium_Run_0_Round_4,mProb_10,Max,0.8496,0.9977,0.1481,0.9977,14,14,0.5,605548,62,107802,154,0.000574308,,,,,,,,,,,,
8304,BRFC_alpha_balanced_Medium_Run_0_Round_4,mProb_20,Min,0.8691,0.9874,0.1183,0.8691,907,884,0.493579006,594707,10903,97563,10393,0.10099485,,,,,,,,,,,,
9418,BRFC_alpha_balanced_Medium_Run_0_Round_4,mProb_20,Max,0.8691,0.9874,0.1183,0.9874,45,46,0.505494505,605412,198,107519,437,0.001834081,,,,,,,,,,,,
8518,BRFC_alpha_balanced_Medium_Run_0_Round_4,mProb_50,Min,0.8905,0.967,0.0765,0.8905,900,867,0.490662139,598384,7226,100749,7207,0.066934677,,,,,,,,,,,,
9264,BRFC_alpha_balanced_Medium_Run_0_Round_4,mProb_50,Max,0.8905,0.967,0.0765,0.967,148,148,0.5,604841,769,106707,1249,0.007123272,,,,,,,,,,,,
8809,BRFC_alpha_balanced_Medium_Run_0_Round_4,mProb_100,Min,0.9197,0.9601,0.0404,0.9197,961,925,0.490455992,601445,4165,103257,4699,0.038580533,,,,,,,,,,,,
9199,BRFC_alpha_balanced_Medium_Run_0_Round_4,mProb_100,Max,0.9197,0.9601,0.0404,0.9601,575,593,0.507705479,604695,915,106614,1342,0.008475675,,,,,,,,,,,,
8713,BRFC_alpha_balanced_Medium_Run_0_Round_4,mProb_200,Min,0.91,0.9562,0.0462,0.91,2564,2474,0.491067884,600792,4818,102820,5136,0.044629293,,,,,,,,,,,,
9163,BRFC_alpha_balanced_Medium_Run_0_Round_4,mProb_200,Max,0.91,0.9562,0.0462,0.9562,1185,1230,0.50931677,604287,1323,106109,1847,0.012254993,,,,,,,,,,,,
8855,BRFC_alpha_balanced_Medium_Run_0_Round_4,mProb_500,Min,0.9243,0.9512,0.0269,0.9243,5009,4837,0.491265489,601960,3650,103833,4123,0.033810071,,,,,,,,,,,,
9116,BRFC_alpha_balanced_Medium_Run_0_Round_4,mProb_500,Max,0.9243,0.9512,0.0269,0.9512,3221,3352,0.509965008,604150,1460,106050,1906,0.013524028,,,,,,,,,,,,
8935,BRFC_alpha_balanced_Medium_Run_0_Round_4,mProb_1000,Min,0.9326,0.9353,0.0027,0.9326,8496,8185,0.490678017,602768,2842,104634,3322,0.02632554,,,,,,,,,,,,
194,BRFC_alpha_balanced_Easy_Run_0_Round_4,mProb_1,Min,0.0254,0.9996,0.9742,0.0254,3,3,0.5,8196,597414,396,107560,5.533865649,,,,,,,,,,,,
9922,BRFC_alpha_balanced_Easy_Run_0_Round_4,mProb_1,Max,0.0254,0.9996,0.9742,0.9996,1,1,0.5,605517,93,107798,158,0.000861462,,,,,,,,,,,,
9781,BRFC_alpha_balanced_Easy_Run_0_Round_4,mProb_10,Min,0.9849,0.9994,0.0145,0.9849,87,86,0.497109827,604552,1058,106875,1081,0.009800289,,,,,,,,,,,,
9920,BRFC_alpha_balanced_Easy_Run_0_Round_4,mProb_10,Max,0.9849,0.9994,0.0145,0.9994,21,21,0.5,605515,95,107797,159,0.000879988,,,,,,,,,,,,
9824,BRFC_alpha_balanced_Easy_Run_0_Round_4,mProb_20,Min,0.9892,0.9968,0.0076,0.9892,218,217,0.498850575,605054,556,107297,659,0.005150246,,,,,,,,,,,,
9900,BRFC_alpha_balanced_Easy_Run_0_Round_4,mProb_20,Max,0.9892,0.9968,0.0076,0.9968,62,62,0.5,605464,146,107726,230,0.001352403,,,,,,,,,,,,
9825,BRFC_alpha_balanced_Easy_Run_0_Round_4,mProb_50,Min,0.9893,0.9968,0.0075,0.9893,469,462,0.496240602,605068,542,107307,649,0.005020564,,,,,,,,,,,,
9900,BRFC_alpha_balanced_Easy_Run_0_Round_4,mProb_50,Max,0.9893,0.9968,0.0075,0.9968,154,159,0.50798722,605464,146,107726,230,0.001352403,,,,,,,,,,,,
9850,BRFC_alpha_balanced_Easy_Run_0_Round_4,mProb_100,Min,0.9918,0.9936,0.0018,0.9918,686,661,0.490720119,605251,359,107528,428,0.003325429,,,,,,,,,,,,
513,EEC_Hard_Run_0_Round_4,mProb_1,Min,0.5055,0.5913,0.0858,0.5055,2,2,0.5,463497,142113,47255,60701,1.316397421,,,,,,,,,,,,
1070,EEC_Hard_Run_0_Round_4,mProb_1,Max,0.5055,0.5913,0.0858,0.5913,3,3,0.5,605604,6,107952,4,5.56E-05,,,,,,,,,,,,
886,EEC_Hard_Run_0_Round_4,mProb_10,Min,0.5449,0.591,0.0461,0.5449,1173,1139,0.492647059,597172,8438,99537,8419,0.078161473,,,,,,,,,,,,
1068,EEC_Hard_Run_0_Round_4,mProb_10,Max,0.5449,0.591,0.0461,0.591,30,29,0.491525424,605598,12,107945,11,0.000111156,,,,,,,,,,,,
891,EEC_Hard_Run_0_Round_4,mProb_20,Min,0.5455,0.5655,0.02,0.5455,1464,1414,0.491313412,597559,8051,99925,8031,0.074576679,,,,,,,,,,,,
1009,EEC_Hard_Run_0_Round_4,mProb_20,Max,0.5455,0.5655,0.02,0.5655,360,354,0.495798319,604353,1257,106194,1762,0.011643633,,,,,,,,,,,,
959,EEC_Hard_Run_0_Round_4,mProb_50,Min,0.5556,0.5617,0.0061,0.5556,2095,2013,0.490019474,603094,2516,105078,2878,0.023305791,,,,,,,,,,,,
994,EEC_Hard_Run_0_Round_4,mProb_50,Max,0.5556,0.5617,0.0061,0.5617,1166,1197,0.506559458,604113,1497,106024,1932,0.013866761,,,,,,,,,,,,
973,EEC_Hard_Run_0_Round_4,mProb_100,Min,0.5585,0.5606,0.0021,0.5585,3364,3244,0.490920097,603492,2118,105365,2591,0.019619104,,,,,,,,,,,,
955,EEC_Hard_Run_0_Round_4,mProb_200,Min,0.5545,0.5585,0.004,0.5545,10256,9860,0.490157089,603092,2518,105072,2884,0.023324317,,,,,,,,,,,,
973,EEC_Hard_Run_0_Round_4,mProb_200,Max,0.5545,0.5585,0.004,0.5585,9549,9413,0.49641388,603492,2118,105365,2591,0.019619104,,,,,,,,,,,,
166,EEC_Medium_Run_0_Round_4,mProb_1,Min,0.4815,0.5568,0.0753,0.4815,2,2,0.5,146830,458780,8963,98993,4.24969432,,,,,,,,,,,,
851,EEC_Medium_Run_0_Round_4,mProb_1,Max,0.4815,0.5568,0.0753,0.5568,1,1,0.5,605489,121,107827,129,0.001120827,,,,,,,,,,,,
737,EEC_Medium_Run_0_Round_4,mProb_10,Min,0.5412,0.5638,0.0226,0.5412,988,977,0.497201018,598499,7111,101809,6147,0.065869428,,,,,,,,,,,,
874,EEC_Medium_Run_0_Round_4,mProb_10,Max,0.5412,0.5638,0.0226,0.5638,9,9,0.5,605607,3,107953,3,2.78E-05,,,,,,,,,,,,
795,EEC_Medium_Run_0_Round_4,mProb_20,Min,0.5481,0.5619,0.0138,0.5481,836,816,0.493946731,603902,1708,106247,1709,0.015821261,,,,,,,,,,,,
868,EEC_Medium_Run_0_Round_4,mProb_20,Max,0.5481,0.5619,0.0138,0.5619,64,63,0.496062992,605601,9,107946,10,8.34E-05,,,,,,,,,,,,
818,EEC_Medium_Run_0_Round_4,mProb_50,Min,0.5511,0.5559,0.0048,0.5511,1676,1615,0.4907323,604685,925,106990,966,0.008568306,,,,,,,,,,,,
845,EEC_Medium_Run_0_Round_4,mProb_50,Max,0.5511,0.5559,0.0048,0.5559,697,722,0.50880902,605469,141,107790,166,0.001306088,,,,,,,,,,,,
822,EEC_Medium_Run_0_Round_4,mProb_100,Min,0.5516,0.5528,0.0012,0.5516,2348,2269,0.491444661,605176,434,107458,498,0.004020156,,,,,,,,,,,,
3067,KBFC_alpha_0_5_gamma_0_0_Hard_Run_0_Round_4,mProb_1,Min,0.3067,0.944,0.6373,0.3067,24,24,0.5,549089,56521,64448,43508,0.523555893,,,,,,,,,,,,
9035,KBFC_alpha_0_5_gamma_0_0_Hard_Run_0_Round_4,mProb_1,Max,0.3067,0.944,0.6373,0.944,1,1,0.5,605606,4,107900,56,3.71E-05,,,,,,,,,,,,
4438,KBFC_alpha_0_5_gamma_0_0_Hard_Run_0_Round_4,mProb_10,Min,0.4438,0.7223,0.2785,0.4438,116,113,0.493449782,584868,20742,83233,24723,0.192133832,,,,,,,,,,,,
7223,KBFC_alpha_0_5_gamma_0_0_Hard_Run_0_Round_4,mProb_10,Max,0.4438,0.7223,0.2785,0.7223,28,28,0.5,603627,1983,102904,5052,0.018368595,,,,,,,,,,,,
4961,KBFC_alpha_0_5_gamma_0_0_Hard_Run_0_Round_4,mProb_20,Min,0.4961,0.641,0.1449,0.4961,214,216,0.502325581,591570,14040,88383,19573,0.130052985,,,,,,,,,,,,
6410,KBFC_alpha_0_5_gamma_0_0_Hard_Run_0_Round_4,mProb_20,Max,0.4961,0.641,0.1449,0.641,98,101,0.507537688,601286,4324,98826,9130,0.040053355,,,,,,,,,,,,
5079,KBFC_alpha_0_5_gamma_0_0_Hard_Run_0_Round_4,mProb_50,Min,0.5079,0.5791,0.0712,0.5079,478,460,0.490405117,592791,12819,89439,18517,0.118742821,,,,,,,,,,,,
5791,KBFC_alpha_0_5_gamma_0_0_Hard_Run_0_Round_4,mProb_50,Max,0.5079,0.5791,0.0712,0.5791,325,336,0.508320726,598240,7370,94982,12974,0.068268554,,,,,,,,,,,,
5117,KBFC_alpha_0_5_gamma_0_0_Hard_Run_0_Round_4,mProb_100,Min,0.5117,0.5542,0.0425,0.5117,936,902,0.490750816,593161,12449,89801,18155,0.115315499,,,,,,,,,,,,
5542,KBFC_alpha_0_5_gamma_0_0_Hard_Run_0_Round_4,mProb_100,Max,0.5117,0.5542,0.0425,0.5542,695,723,0.509873061,596641,8969,93229,14727,0.083080144,,,,,,,,,,,,
5168,KBFC_alpha_0_5_gamma_0_0_Hard_Run_0_Round_4,mProb_200,Min,0.5168,0.5536,0.0368,0.5168,1801,1732,0.490234928,593633,11977,90246,17710,0.110943347,,,,,,,,,,,,
5536,KBFC_alpha_0_5_gamma_0_0_Hard_Run_0_Round_4,mProb_200,Max,0.5168,0.5536,0.0368,0.5536,1405,1462,0.509940705,596598,9012,93184,14772,0.083478454,,,,,,,,,,,,
5253,KBFC_alpha_0_5_gamma_0_0_Hard_Run_0_Round_4,mProb_500,Min,0.5253,0.5576,0.0323,0.5253,4348,4184,0.490389123,594376,11234,90954,17002,0.104060914,,,,,,,,,,,,
5319,KBFC_alpha_0_5_gamma_0_0_Hard_Run_0_Round_4,mProb_1000,Min,0.5319,0.5553,0.0234,0.5319,8441,8113,0.490093029,594894,10716,91489,16467,0.099262663,,,,,,,,,,,,
5553,KBFC_alpha_0_5_gamma_0_0_Hard_Run_0_Round_4,mProb_1000,Max,0.5319,0.5553,0.0234,0.5553,7176,7467,0.509936488,596719,8891,93302,14654,0.082357627,,,,,,,,,,,,
5467,KBFC_alpha_0_5_gamma_0_0_Hard_Run_0_Round_4,mProb_2000,Min,0.5467,0.5682,0.0215,0.5467,16207,15574,0.49004122,596091,9519,92661,15295,0.088174812,,,,,,,,,,,,
5682,KBFC_alpha_0_5_gamma_0_0_Hard_Run_0_Round_4,mProb_2000,Max,0.5467,0.5682,0.0215,0.5682,13940,14504,0.509914217,597576,8034,94252,13704,0.074419208,,,,,,,,,,,,
3594,KBFC_alpha_0_5_gamma_0_0_Medium_Run_0_Round_4,mProb_1,Min,0.3607,0.8075,0.4468,0.3607,17,17,0.5,578923,26687,87304,20652,0.247202564,,,,,,,,,,,,
7317,KBFC_alpha_0_5_gamma_0_0_Medium_Run_0_Round_4,mProb_1,Max,0.3607,0.8075,0.4468,0.8075,1,1,0.5,605597,13,107922,34,0.000120419,,,,,,,,,,,,
4085,KBFC_alpha_0_5_gamma_0_0_Medium_Run_0_Round_4,mProb_10,Min,0.4098,0.8407,0.4309,0.4098,142,139,0.494661922,589114,16496,93100,14856,0.152802994,,,,,,,,,,,,
7346,KBFC_alpha_0_5_gamma_0_0_Medium_Run_0_Round_4,mProb_10,Max,0.4098,0.8407,0.4309,0.8407,5,5,0.5,605605,5,107944,12,4.63E-05,,,,,,,,,,,,
4307,KBFC_alpha_0_5_gamma_0_0_Medium_Run_0_Round_4,mProb_20,Min,0.432,0.8023,0.3703,0.432,233,230,0.496760259,592361,13249,95325,12631,0.122725925,,,,,,,,,,,,
7307,KBFC_alpha_0_5_gamma_0_0_Medium_Run_0_Round_4,mProb_20,Max,0.432,0.8023,0.3703,0.8023,11,11,0.5,605587,23,107919,37,0.00021305,,,,,,,,,,,,
4972,KBFC_alpha_0_5_gamma_0_0_Medium_Run_0_Round_4,mProb_50,Min,0.4985,0.7337,0.2352,0.4985,359,345,0.490056818,599248,6362,100791,7165,0.058931417,,,,,,,,,,,,
7100,KBFC_alpha_0_5_gamma_0_0_Medium_Run_0_Round_4,mProb_50,Max,0.4985,0.7337,0.2352,0.7337,35,36,0.507042254,605510,100,107732,224,0.000926303,,,,,,,,,,,,
5223,KBFC_alpha_0_5_gamma_0_0_Medium_Run_0_Round_4,mProb_100,Min,0.5236,0.5853,0.0617,0.5236,614,595,0.492142266,600976,4634,102342,5614,0.042924895,,,,,,,,,,,,
5840,KBFC_alpha_0_5_gamma_0_0_Medium_Run_0_Round_4,mProb_100,Max,0.5236,0.5853,0.0617,0.5853,321,334,0.509923664,603622,1988,105181,2775,0.01841491,,,,,,,,,,,,
5201,KBFC_alpha_0_5_gamma_0_0_Medium_Run_0_Round_4,mProb_200,Min,0.5214,0.5484,0.027,0.5214,1220,1173,0.490179691,600831,4779,102228,5728,0.044268035,,,,,,,,,,,,
5471,KBFC_alpha_0_5_gamma_0_0_Medium_Run_0_Round_4,mProb_200,Max,0.5214,0.5484,0.027,0.5484,890,925,0.509641873,602255,3355,103655,4301,0.031077476,,,,,,,,,,,,
5281,KBFC_alpha_0_5_gamma_0_0_Medium_Run_0_Round_4,mProb_500,Min,0.5294,0.5463,0.0169,0.5294,2822,2714,0.490245665,601307,4303,102694,5262,0.039858831,,,,,,,,,,,,
5286,KBFC_alpha_0_5_gamma_0_0_Medium_Run_0_Round_4,mProb_1000,Min,0.5299,0.5553,0.0254,0.5299,5781,5555,0.490031757,601334,4276,102720,5236,0.039608729,,,,,,,,,,,,
5540,KBFC_alpha_0_5_gamma_0_0_Medium_Run_0_Round_4,mProb_1000,Max,0.5299,0.5553,0.0254,0.5553,4416,4593,0.50982351,602545,3065,103949,4007,0.028391196,,,,,,,,,,,,
5493,KBFC_alpha_0_5_gamma_0_0_Medium_Run_0_Round_4,mProb_2000,Min,0.5506,0.5799,0.0293,0.5506,10327,9926,0.490100232,602361,3249,103759,4197,0.030095595,,,,,,,,,,,,
5786,KBFC_alpha_0_5_gamma_0_0_Medium_Run_0_Round_4,mProb_2000,Max,0.5506,0.5799,0.0293,0.5799,7627,7937,0.509958879,603453,2157,105006,2950,0.019980362,,,,,,,,,,,,
3127,KBFC_alpha_0_5_gamma_0_0_Easy_Run_0_Round_4,mProb_1,Min,0.3245,0.6494,0.3249,0.3245,17,17,0.5,592043,13567,100923,7033,0.12567157,,,,,,,,,,,,
4716,KBFC_alpha_0_5_gamma_0_0_Easy_Run_0_Round_4,mProb_1,Max,0.3245,0.6494,0.3249,0.6494,1,1,0.5,605602,8,107951,5,7.41E-05,,,,,,,,,,,,
3986,KBFC_alpha_0_5_gamma_0_0_Easy_Run_0_Round_4,mProb_10,Min,0.4113,0.6613,0.25,0.4113,30,29,0.491525424,603820,1790,106900,1056,0.016580829,,,,,,,,,,,,
4718,KBFC_alpha_0_5_gamma_0_0_Easy_Run_0_Round_4,mProb_10,Max,0.4113,0.6613,0.25,0.6613,8,8,0.5,605603,7,107952,4,6.48E-05,,,,,,,,,,,,
4361,KBFC_alpha_0_5_gamma_0_0_Easy_Run_0_Round_4,mProb_20,Min,0.4567,0.5431,0.0864,0.4567,34,33,0.492537313,605033,577,107607,349,0.00534477,,,,,,,,,,,,
4647,KBFC_alpha_0_5_gamma_0_0_Easy_Run_0_Round_4,mProb_20,Max,0.4567,0.5431,0.0864,0.5431,17,17,0.5,605527,83,107907,49,0.000768832,,,,,,,,,,,,
7662,KBFC_alpha_balanced_gamma_0_0_Hard_Run_0_Round_4,mProb_1,Min,0.7662,0.9913,0.2251,0.7662,19,19,0.5,568168,37442,73700,34256,0.346826485,,,,,,,,,,,,
9898,KBFC_alpha_balanced_gamma_0_0_Hard_Run_0_Round_4,mProb_1,Max,0.7662,0.9913,0.2251,0.9913,1,1,0.5,605607,3,107939,17,2.78E-05,,,,,,,,,,,,
8438,KBFC_alpha_balanced_gamma_0_0_Hard_Run_0_Round_4,mProb_10,Min,0.8438,0.8959,0.0521,0.8438,205,198,0.491315136,590013,15597,87399,20557,0.144475527,,,,,,,,,,,,
8959,KBFC_alpha_balanced_gamma_0_0_Hard_Run_0_Round_4,mProb_10,Max,0.8438,0.8959,0.0521,0.8959,157,154,0.495176849,598985,6625,95877,12079,0.061367594,,,,,,,,,,,,
8585,KBFC_alpha_balanced_gamma_0_0_Hard_Run_0_Round_4,mProb_20,Min,0.8585,0.896,0.0375,0.8585,329,321,0.493846154,592970,12640,89867,18089,0.117084738,,,,,,,,,,,,
8960,KBFC_alpha_balanced_gamma_0_0_Hard_Run_0_Round_4,mProb_20,Max,0.8585,0.896,0.0375,0.896,304,316,0.509677419,598997,6613,95897,12059,0.061256438,,,,,,,,,,,,
8627,KBFC_alpha_balanced_gamma_0_0_Hard_Run_0_Round_4,mProb_50,Min,0.8627,0.894,0.0313,0.8627,877,844,0.490412551,593712,11898,90556,17400,0.110211568,,,,,,,,,,,,
8940,KBFC_alpha_balanced_gamma_0_0_Hard_Run_0_Round_4,mProb_50,Max,0.8627,0.894,0.0313,0.894,750,772,0.507227332,598687,6923,95594,12362,0.064127978,,,,,,,,,,,,
8629,KBFC_alpha_balanced_gamma_0_0_Hard_Run_0_Round_4,mProb_100,Min,0.8629,0.8858,0.0229,0.8629,1698,1637,0.490854573,593738,11872,90591,17365,0.109970729,,,,,,,,,,,,
8858,KBFC_alpha_balanced_gamma_0_0_Hard_Run_0_Round_4,mProb_100,Max,0.8629,0.8858,0.0229,0.8858,1519,1579,0.509683667,597511,8099,94282,13674,0.075021305,,,,,,,,,,,,
8658,KBFC_alpha_balanced_gamma_0_0_Hard_Run_0_Round_4,mProb_200,Min,0.8658,0.8874,0.0216,0.8658,3442,3308,0.490074074,594232,11378,91094,16862,0.10539479,,,,,,,,,,,,
8874,KBFC_alpha_balanced_gamma_0_0_Hard_Run_0_Round_4,mProb_200,Max,0.8658,0.8874,0.0216,0.8874,3001,3123,0.50996081,597733,7877,94533,13423,0.072964912,,,,,,,,,,,,
8723,KBFC_alpha_balanced_gamma_0_0_Hard_Run_0_Round_4,mProb_500,Min,0.8723,0.8814,0.0091,0.8723,8425,8102,0.490228112,595340,10270,92187,15769,0.09513135,,,,,,,,,,,,
8726,KBFC_alpha_balanced_gamma_0_0_Hard_Run_0_Round_4,mProb_1000,Min,0.8726,0.8827,0.0101,0.8726,16831,16179,0.490124205,595380,10230,92235,15721,0.094760828,,,,,,,,,,,,
8827,KBFC_alpha_balanced_gamma_0_0_Hard_Run_0_Round_4,mProb_1000,Max,0.8726,0.8827,0.0101,0.8827,15389,16017,0.50999809,597043,8567,93798,14158,0.079356404,,,,,,,,,,,,
8799,KBFC_alpha_balanced_gamma_0_0_Hard_Run_0_Round_4,mProb_2000,Min,0.8799,0.8911,0.0112,0.8799,32849,31575,0.49011238,596578,9032,93355,14601,0.083663715,,,,,,,,,,,,
8911,KBFC_alpha_balanced_gamma_0_0_Hard_Run_0_Round_4,mProb_2000,Max,0.8799,0.8911,0.0112,0.8911,29380,29805,0.503590437,598264,7346,95136,12820,0.068046241,,,,,,,,,,,,
7225,KBFC_alpha_balanced_gamma_0_0_Medium_Run_0_Round_4,mProb_1,Min,0.7356,0.9641,0.2285,0.7356,24,24,0.5,569717,35893,83047,24909,0.332478047,,,,,,,,,,,,
9394,KBFC_alpha_balanced_gamma_0_0_Medium_Run_0_Round_4,mProb_1,Max,0.7356,0.9641,0.2285,0.9641,1,1,0.5,605607,3,107947,9,2.78E-05,,,,,,,,,,,,
8275,KBFC_alpha_balanced_gamma_0_0_Medium_Run_0_Round_4,mProb_10,Min,0.8406,0.9556,0.115,0.8406,153,148,0.491694352,597655,7955,99576,8380,0.073687428,,,,,,,,,,,,
9364,KBFC_alpha_balanced_gamma_0_0_Medium_Run_0_Round_4,mProb_10,Max,0.8406,0.9556,0.115,0.9556,7,7,0.5,605594,16,107922,34,0.000148209,,,,,,,,,,,,
8282,KBFC_alpha_balanced_gamma_0_0_Medium_Run_0_Round_4,mProb_20,Min,0.8413,0.9463,0.105,0.8413,303,297,0.495,597763,7847,99682,8274,0.072687021,,,,,,,,,,,,
9307,KBFC_alpha_balanced_gamma_0_0_Medium_Run_0_Round_4,mProb_20,Max,0.8413,0.9463,0.105,0.9463,21,21,0.5,605564,46,107860,96,0.0004261,,,,,,,,,,,,
8372,KBFC_alpha_balanced_gamma_0_0_Medium_Run_0_Round_4,mProb_50,Min,0.8503,0.8848,0.0345,0.8503,728,707,0.492682927,599225,6385,100927,7029,0.059144466,,,,,,,,,,,,
8717,KBFC_alpha_balanced_gamma_0_0_Medium_Run_0_Round_4,mProb_50,Max,0.8503,0.8848,0.0345,0.8848,442,452,0.505592841,603301,2309,104861,3095,0.021388343,,,,,,,,,,,,
8515,KBFC_alpha_balanced_gamma_0_0_Medium_Run_0_Round_4,mProb_100,Min,0.8646,0.8872,0.0226,0.8646,1229,1186,0.491097308,601211,4399,102689,5267,0.040748083,,,,,,,,,,,,
8741,KBFC_alpha_balanced_gamma_0_0_Medium_Run_0_Round_4,mProb_100,Max,0.8646,0.8872,0.0226,0.8872,859,894,0.509982886,603486,2124,105067,2889,0.019674682,,,,,,,,,,,,
8550,KBFC_alpha_balanced_gamma_0_0_Medium_Run_0_Round_4,mProb_200,Min,0.8681,0.8802,0.0121,0.8681,2342,2256,0.490648108,601615,3995,103086,4870,0.037005817,,,,,,,,,,,,
8671,KBFC_alpha_balanced_gamma_0_0_Medium_Run_0_Round_4,mProb_200,Max,0.8681,0.8802,0.0121,0.8802,1917,1995,0.509969325,602896,2714,104411,3545,0.025139872,,,,,,,,,,,,
8557,KBFC_alpha_balanced_gamma_0_0_Medium_Run_0_Round_4,mProb_500,Min,0.8688,0.88,0.0112,0.8688,5847,5619,0.490057561,601688,3922,103170,4786,0.036329616,,,,,,,,,,,,
8617,KBFC_alpha_balanced_gamma_0_0_Medium_Run_0_Round_4,mProb_1000,Min,0.8748,0.8896,0.0148,0.8748,10603,10191,0.490093296,602344,3266,103824,4132,0.030253066,,,,,,,,,,,,
8765,KBFC_alpha_balanced_gamma_0_0_Medium_Run_0_Round_4,mProb_1000,Max,0.8748,0.8896,0.0148,0.8896,8055,8378,0.509827786,603701,1909,105286,2670,0.01768313,,,,,,,,,,,,
95,KBFC_alpha_balanced_gamma_0_0_Easy_Run_0_Round_4,mProb_1,Min,0.0804,0.8732,0.7928,0.0804,1,1,0.5,619,604991,13,107943,5.604051651,,,,,,,,,,,,
7579,KBFC_alpha_balanced_gamma_0_0_Easy_Run_0_Round_4,mProb_1,Max,0.0804,0.8732,0.7928,0.8732,1,1,0.5,605606,4,107951,5,3.71E-05,,,,,,,,,,,,
7159,KBFC_alpha_balanced_gamma_0_0_Easy_Run_0_Round_4,mProb_10,Min,0.7982,0.8542,0.056,0.7982,59,59,0.5,604363,1247,107187,769,0.011551002,,,,,,,,,,,,
7247,KBFC_alpha_balanced_gamma_0_0_Easy_Run_0_Round_4,mProb_20,Min,0.8072,0.8724,0.0652,0.8072,59,58,0.495726496,604830,780,107458,498,0.007225166,,,,,,,,,,,,
7578,KBFC_alpha_balanced_gamma_0_0_Easy_Run_0_Round_4,mProb_20,Max,0.8072,0.8724,0.0652,0.8724,16,16,0.5,605605,5,107950,6,4.63E-05,,,,,,,,,,,,
4283,KBFC_alpha_0_5_gamma_1_0_Hard_Run_0_Round_4,mProb_1,Min,0.4306,0.8453,0.4147,0.4306,31,30,0.491803279,573675,31935,76049,31907,0.295814962,,,,,,,,,,,,
7758,KBFC_alpha_0_5_gamma_1_0_Hard_Run_0_Round_4,mProb_1,Max,0.4306,0.8453,0.4147,0.8453,1,1,0.5,605604,6,107886,70,5.56E-05,,,,,,,,,,,,
4774,KBFC_alpha_0_5_gamma_1_0_Hard_Run_0_Round_4,mProb_10,Min,0.4797,0.8083,0.3286,0.4797,208,202,0.492682927,588655,16955,85703,22253,0.157054726,,,,,,,,,,,,
7709,KBFC_alpha_0_5_gamma_1_0_Hard_Run_0_Round_4,mProb_10,Max,0.4797,0.8083,0.3286,0.8083,5,5,0.5,605592,18,107842,114,0.000166735,,,,,,,,,,,,
4907,KBFC_alpha_0_5_gamma_1_0_Hard_Run_0_Round_4,mProb_20,Min,0.493,0.5471,0.0541,0.493,329,320,0.493066256,591399,14211,87908,20048,0.131636963,,,,,,,,,,,,
5448,KBFC_alpha_0_5_gamma_1_0_Hard_Run_0_Round_4,mProb_20,Max,0.493,0.5471,0.0541,0.5471,204,212,0.509615385,598777,6833,95119,12837,0.063294305,,,,,,,,,,,,
5069,KBFC_alpha_0_5_gamma_1_0_Hard_Run_0_Round_4,mProb_50,Min,0.5092,0.538,0.0288,0.5092,801,774,0.491428571,594090,11520,90274,17682,0.106710141,,,,,,,,,,,,
5357,KBFC_alpha_0_5_gamma_1_0_Hard_Run_0_Round_4,mProb_50,Max,0.5092,0.538,0.0288,0.538,566,584,0.507826087,597827,7783,94057,13899,0.072094187,,,,,,,,,,,,
5075,KBFC_alpha_0_5_gamma_1_0_Hard_Run_0_Round_4,mProb_100,Min,0.5098,0.5298,0.02,0.5098,1524,1467,0.490471414,594200,11410,90365,17591,0.105691208,,,,,,,,,,,,
5275,KBFC_alpha_0_5_gamma_1_0_Hard_Run_0_Round_4,mProb_100,Max,0.5098,0.5298,0.02,0.5298,1206,1246,0.508156607,596904,8706,93050,14906,0.080643966,,,,,,,,,,,,
5114,KBFC_alpha_0_5_gamma_1_0_Hard_Run_0_Round_4,mProb_200,Min,0.5137,0.529,0.0153,0.5137,2896,2785,0.490230593,594786,10824,90961,16995,0.10026307,,,,,,,,,,,,
5146,KBFC_alpha_0_5_gamma_1_0_Hard_Run_0_Round_4,mProb_500,Min,0.5169,0.529,0.0121,0.5169,7072,6802,0.490269569,595225,10385,91354,16602,0.096196599,,,,,,,,,,,,
5267,KBFC_alpha_0_5_gamma_1_0_Hard_Run_0_Round_4,mProb_500,Max,0.5169,0.529,0.0121,0.529,6134,6381,0.509868158,596820,8790,92949,15007,0.081422061,,,,,,,,,,,,
5189,KBFC_alpha_0_5_gamma_1_0_Hard_Run_0_Round_4,mProb_1000,Min,0.5212,0.5321,0.0109,0.5212,14041,13505,0.49027082,595803,9807,91934,16022,0.090842565,,,,,,,,,,,,
5298,KBFC_alpha_0_5_gamma_1_0_Hard_Run_0_Round_4,mProb_1000,Max,0.5212,0.5321,0.0109,0.5321,12158,12650,0.509916156,597168,8442,93345,14611,0.078198525,,,,,,,,,,,,
5410,KBFC_alpha_0_5_gamma_1_0_Hard_Run_0_Round_4,mProb_2000,Min,0.5433,0.5552,0.0119,0.5433,25621,24635,0.490190226,598387,7223,94688,13268,0.066906888,,,,,,,,,,,,
5529,KBFC_alpha_0_5_gamma_1_0_Hard_Run_0_Round_4,mProb_2000,Max,0.5433,0.5552,0.0119,0.5552,22098,22985,0.509837411,599488,6122,96046,11910,0.056708289,,,,,,,,,,,,
42,KBFC_alpha_0_5_gamma_1_0_Medium_Run_0_Round_4,mProb_1,Min,0.0367,0.6859,0.6492,0.0367,1,1,0.5,52,605558,2,107954,5.60930379,,,,,,,,,,,,
6165,KBFC_alpha_0_5_gamma_1_0_Medium_Run_0_Round_4,mProb_1,Max,0.0367,0.6859,0.6492,0.6859,1,1,0.5,605592,18,107920,36,0.000166735,,,,,,,,,,,,
4349,KBFC_alpha_0_5_gamma_1_0_Medium_Run_0_Round_4,mProb_10,Min,0.4709,0.7338,0.2629,0.4709,163,161,0.49691358,594868,10742,97143,10813,0.099503501,,,,,,,,,,,,
6206,KBFC_alpha_0_5_gamma_1_0_Medium_Run_0_Round_4,mProb_10,Max,0.4709,0.7338,0.2629,0.7338,5,5,0.5,605609,1,107947,9,9.26E-06,,,,,,,,,,,,
4596,KBFC_alpha_0_5_gamma_1_0_Medium_Run_0_Round_4,mProb_20,Min,0.4956,0.6612,0.1656,0.4956,274,266,0.492592593,598925,6685,100496,7460,0.061923376,,,,,,,,,,,,
6084,KBFC_alpha_0_5_gamma_1_0_Medium_Run_0_Round_4,mProb_20,Max,0.4956,0.6612,0.1656,0.6612,12,12,0.5,605560,50,107854,102,0.000463152,,,,,,,,,,,,
4603,KBFC_alpha_0_5_gamma_1_0_Medium_Run_0_Round_4,mProb_50,Min,0.4963,0.5973,0.101,0.4963,664,641,0.491187739,599036,6574,100599,7357,0.06089518,,,,,,,,,,,,
5613,KBFC_alpha_0_5_gamma_1_0_Medium_Run_0_Round_4,mProb_50,Max,0.4963,0.5973,0.101,0.5973,98,99,0.502538071,605116,494,107204,752,0.004575938,,,,,,,,,,,,
4716,KBFC_alpha_0_5_gamma_1_0_Medium_Run_0_Round_4,mProb_100,Min,0.5076,0.527,0.0194,0.5076,1130,1086,0.490072202,600459,5151,101896,6060,0.047713883,,,,,,,,,,,,
4910,KBFC_alpha_0_5_gamma_1_0_Medium_Run_0_Round_4,mProb_100,Max,0.5076,0.527,0.0194,0.527,799,824,0.507701787,602279,3331,103667,4289,0.030855163,,,,,,,,,,,,
4766,KBFC_alpha_0_5_gamma_1_0_Medium_Run_0_Round_4,mProb_200,Min,0.5126,0.5263,0.0137,0.5126,2045,1969,0.490533134,600999,4611,102424,5532,0.042711846,,,,,,,,,,,,
4777,KBFC_alpha_0_5_gamma_1_0_Medium_Run_0_Round_4,mProb_500,Min,0.5137,0.5287,0.015,0.5137,5160,4960,0.490118577,601106,4504,102537,5419,0.041720701,,,,,,,,,,,,
4927,KBFC_alpha_0_5_gamma_1_0_Medium_Run_0_Round_4,mProb_500,Max,0.5137,0.5287,0.015,0.5287,3920,4078,0.509877469,602407,3203,103823,4133,0.029669495,,,,,,,,,,,,
4864,KBFC_alpha_0_5_gamma_1_0_Medium_Run_0_Round_4,mProb_1000,Min,0.5224,0.5379,0.0155,0.5224,9460,9090,0.490026954,601896,3714,103282,4674,0.034402905,,,,,,,,,,,,
5019,KBFC_alpha_0_5_gamma_1_0_Medium_Run_0_Round_4,mProb_1000,Max,0.5224,0.5379,0.0155,0.5379,7144,7430,0.509811994,603030,2580,104525,3431,0.023898625,,,,,,,,,,,,
3395,KBFC_alpha_0_5_gamma_1_0_Easy_Run_0_Round_4,mProb_1,Min,0.4248,0.6017,0.1769,0.4248,20,20,0.5,600365,5245,104994,2962,0.048584609,,,,,,,,,,,,
4219,KBFC_alpha_0_5_gamma_1_0_Easy_Run_0_Round_4,mProb_1,Max,0.4248,0.6017,0.1769,0.6017,1,1,0.5,605608,2,107955,1,1.85E-05,,,,,,,,,,,,
3732,KBFC_alpha_0_5_gamma_1_0_Easy_Run_0_Round_4,mProb_10,Min,0.4586,0.5705,0.1119,0.4586,40,40,0.5,604330,1280,107181,775,0.011856682,,,,,,,,,,,,
4211,KBFC_alpha_0_5_gamma_1_0_Easy_Run_0_Round_4,mProb_10,Max,0.4586,0.5705,0.1119,0.5705,8,8,0.5,605598,12,107951,5,0.000111156,,,,,,,,,,,,
3956,KBFC_alpha_0_5_gamma_1_0_Easy_Run_0_Round_4,mProb_20,Min,0.4834,0.5513,0.0679,0.4834,46,46,0.5,605152,458,107645,311,0.004242469,,,,,,,,,,,,
303,KBFC_alpha_0_5_gamma_2_0_Hard_Run_0_Round_4,mProb_1,Min,0.0499,0.7211,0.6712,0.0499,1,1,0.5,541,605069,3,107953,5.604774167,,,,,,,,,,,,
6779,KBFC_alpha_0_5_gamma_2_0_Hard_Run_0_Round_4,mProb_1,Max,0.0499,0.7211,0.6712,0.7211,1,1,0.5,605598,12,107868,88,0.000111156,,,,,,,,,,,,
4697,KBFC_alpha_0_5_gamma_2_0_Hard_Run_0_Round_4,mProb_10,Min,0.4895,0.6942,0.2047,0.4895,257,252,0.495088409,589930,15680,86885,21071,0.145244359,,,,,,,,,,,,
6673,KBFC_alpha_0_5_gamma_2_0_Hard_Run_0_Round_4,mProb_10,Max,0.4895,0.6942,0.2047,0.6942,6,6,0.5,605569,41,107748,208,0.000379784,,,,,,,,,,,,
4825,KBFC_alpha_0_5_gamma_2_0_Hard_Run_0_Round_4,mProb_20,Min,0.5023,0.5226,0.0203,0.5023,452,435,0.490417136,593321,12289,89795,18161,0.113833414,,,,,,,,,,,,
5028,KBFC_alpha_0_5_gamma_2_0_Hard_Run_0_Round_4,mProb_20,Max,0.5023,0.5226,0.0203,0.5226,357,360,0.50209205,597433,8177,93823,14133,0.075743822,,,,,,,,,,,,
4885,KBFC_alpha_0_5_gamma_2_0_Hard_Run_0_Round_4,mProb_50,Min,0.5083,0.523,0.0147,0.5083,1065,1040,0.494061758,594699,10911,91056,16900,0.101068954,,,,,,,,,,,,
5032,KBFC_alpha_0_5_gamma_2_0_Hard_Run_0_Round_4,mProb_50,Max,0.5083,0.523,0.0147,0.523,875,904,0.508150646,597496,8114,93903,14053,0.07516025,,,,,,,,,,,,
4862,KBFC_alpha_0_5_gamma_2_0_Hard_Run_0_Round_4,mProb_100,Min,0.506,0.5224,0.0164,0.506,2212,2130,0.490557347,594191,11419,90586,17370,0.105774575,,,,,,,,,,,,
5026,KBFC_alpha_0_5_gamma_2_0_Hard_Run_0_Round_4,mProb_100,Max,0.506,0.5224,0.0164,0.5224,1764,1818,0.507537688,597394,8216,93777,14179,0.07610508,,,,,,,,,,,,
4887,KBFC_alpha_0_5_gamma_2_0_Hard_Run_0_Round_4,mProb_200,Min,0.5085,0.5176,0.0091,0.5085,4319,4152,0.49014284,594742,10868,91102,16854,0.100670644,,,,,,,,,,,,
4978,KBFC_alpha_0_5_gamma_2_0_Hard_Run_0_Round_4,mProb_200,Max,0.5085,0.5176,0.0091,0.5176,3682,3829,0.509785648,596499,9111,92931,15025,0.084395494,,,,,,,,,,,,
4910,KBFC_alpha_0_5_gamma_2_0_Hard_Run_0_Round_4,mProb_500,Min,0.5108,0.5192,0.0084,0.5108,10597,10198,0.490406348,595204,10406,91597,16359,0.096391122,,,,,,,,,,,,
4981,KBFC_alpha_0_5_gamma_2_0_Hard_Run_0_Round_4,mProb_1000,Min,0.5179,0.5264,0.0085,0.5179,20252,19473,0.490195091,596558,9052,92980,14976,0.083848976,,,,,,,,,,,,
5066,KBFC_alpha_0_5_gamma_2_0_Hard_Run_0_Round_4,mProb_1000,Max,0.5179,0.5264,0.0085,0.5264,17449,18143,0.509749382,598052,7558,94545,13411,0.070010004,,,,,,,,,,,,
5284,KBFC_alpha_0_5_gamma_2_0_Hard_Run_0_Round_4,mProb_2000,Min,0.5482,0.557,0.0088,0.5482,32823,31565,0.490231099,600844,4766,98115,9841,0.044147616,,,,,,,,,,,,
5372,KBFC_alpha_0_5_gamma_2_0_Hard_Run_0_Round_4,mProb_2000,Max,0.5482,0.557,0.0088,0.557,28027,29143,0.509760364,601717,3893,99374,8582,0.036060988,,,,,,,,,,,,
138,KBFC_alpha_0_5_gamma_2_0_Medium_Run_0_Round_4,mProb_1,Min,0.1117,0.6808,0.5691,0.1117,1,1,0.5,171,605439,2,107954,5.608201489,,,,,,,,,,,,
5216,KBFC_alpha_0_5_gamma_2_0_Medium_Run_0_Round_4,mProb_1,Max,0.1117,0.6808,0.5691,0.6808,1,1,0.5,605610,0,107955,1,0,,,,,,,,,,,,
4022,KBFC_alpha_0_5_gamma_2_0_Medium_Run_0_Round_4,mProb_10,Min,0.5039,0.6613,0.1574,0.5039,182,179,0.495844875,599002,6608,100795,7161,0.061210123,,,,,,,,,,,,
5201,KBFC_alpha_0_5_gamma_2_0_Medium_Run_0_Round_4,mProb_10,Max,0.5039,0.6613,0.1574,0.6613,5,5,0.5,605605,5,107943,13,4.63E-05,,,,,,,,,,,,
4074,KBFC_alpha_0_5_gamma_2_0_Medium_Run_0_Round_4,mProb_20,Min,0.5091,0.6424,0.1333,0.5091,322,315,0.494505495,600003,5607,101645,6311,0.051937827,,,,,,,,,,,,
5175,KBFC_alpha_0_5_gamma_2_0_Medium_Run_0_Round_4,mProb_20,Max,0.5091,0.6424,0.1333,0.6424,11,11,0.5,605593,17,107927,29,0.000157472,,,,,,,,,,,,
4119,KBFC_alpha_0_5_gamma_2_0_Medium_Run_0_Round_4,mProb_50,Min,0.5136,0.5392,0.0256,0.5136,738,711,0.49068323,600718,4892,102312,5644,0.045314758,,,,,,,,,,,,
4375,KBFC_alpha_0_5_gamma_2_0_Medium_Run_0_Round_4,mProb_50,Max,0.5136,0.5392,0.0256,0.5392,406,422,0.509661836,603611,1999,105261,2695,0.018516803,,,,,,,,,,,,
4173,KBFC_alpha_0_5_gamma_2_0_Medium_Run_0_Round_4,mProb_100,Min,0.519,0.5254,0.0064,0.519,1358,1318,0.492526158,601482,4128,103034,4922,0.038237801,,,,,,,,,,,,
4168,KBFC_alpha_0_5_gamma_2_0_Medium_Run_0_Round_4,mProb_200,Min,0.5185,0.5299,0.0114,0.5185,2766,2662,0.490420044,601416,4194,102976,4980,0.038849161,,,,,,,,,,,,
4282,KBFC_alpha_0_5_gamma_2_0_Medium_Run_0_Round_4,mProb_200,Max,0.5185,0.5299,0.0114,0.5299,2078,2157,0.509327037,602804,2806,104362,3594,0.025992071,,,,,,,,,,,,
4214,KBFC_alpha_0_5_gamma_2_0_Medium_Run_0_Round_4,mProb_500,Min,0.5231,0.5328,0.0097,0.5231,6429,6184,0.490287798,602026,3584,103573,4383,0.033198711,,,,,,,,,,,,
4311,KBFC_alpha_0_5_gamma_2_0_Medium_Run_0_Round_4,mProb_500,Max,0.5231,0.5328,0.0097,0.5328,4924,5122,0.509854669,603063,2547,104676,3280,0.023592945,,,,,,,,,,,,
4358,KBFC_alpha_0_5_gamma_2_0_Medium_Run_0_Round_4,mProb_1000,Min,0.5375,0.5488,0.0113,0.5375,10261,9859,0.49000994,603483,2127,105110,2846,0.019702471,,,,,,,,,,,,
4471,KBFC_alpha_0_5_gamma_2_0_Medium_Run_0_Round_4,mProb_1000,Max,0.5375,0.5488,0.0113,0.5488,7510,7814,0.509919081,604263,1347,106012,1944,0.012477306,,,,,,,,,,,,
262,KBFC_alpha_0_5_gamma_2_0_Easy_Run_0_Round_4,mProb_1,Min,0.1967,0.5474,0.3507,0.1967,1,1,0.5,1838,603772,29,107927,5.592760013,,,,,,,,,,,,
3408,KBFC_alpha_0_5_gamma_2_0_Easy_Run_0_Round_4,mProb_1,Max,0.1967,0.5474,0.3507,0.5474,1,1,0.5,605600,10,107953,3,9.26E-05,,,,,,,,,,,,
3117,KBFC_alpha_0_5_gamma_2_0_Easy_Run_0_Round_4,mProb_10,Min,0.4829,0.5234,0.0405,0.4829,26,26,0.5,604950,660,107542,414,0.006113602,,,,,,,,,,,,
3383,KBFC_alpha_0_5_gamma_2_0_Easy_Run_0_Round_4,mProb_10,Max,0.4829,0.5234,0.0405,0.5234,9,9,0.5,605572,38,107940,16,0.000351995,,,,,,,,,,,,
3113,KBFC_alpha_0_5_gamma_2_0_Easy_Run_0_Round_4,mProb_20,Min,0.4825,0.5174,0.0349,0.4825,68,66,0.492537313,604940,670,107533,423,0.006206232,,,,,,,,,,,,
3066,LogReg_alpha_0_5_Hard_Run_0_Round_4,mProb_1,Min,0.3107,0.899,0.5883,0.3107,26,27,0.509433962,562069,43541,75332,32624,0.403321724,,,,,,,,,,,,
8262,LogReg_alpha_0_5_Hard_Run_0_Round_4,mProb_1,Max,0.3107,0.899,0.5883,0.899,1,1,0.5,605608,2,107949,7,1.85E-05,,,,,,,,,,,,
4256,LogReg_alpha_0_5_Hard_Run_0_Round_4,mProb_10,Min,0.4297,0.845,0.4153,0.4297,113,114,0.502202643,589893,15717,91660,16296,0.145587091,,,,,,,,,,,,
8134,LogReg_alpha_0_5_Hard_Run_0_Round_4,mProb_10,Max,0.4297,0.845,0.4153,0.845,5,5,0.5,605580,30,107820,136,0.000277891,,,,,,,,,,,,
4594,LogReg_alpha_0_5_Hard_Run_0_Round_4,mProb_20,Min,0.4635,0.8138,0.3503,0.4635,179,177,0.497191011,593862,11748,94860,13096,0.108822113,,,,,,,,,,,,
7941,LogReg_alpha_0_5_Hard_Run_0_Round_4,mProb_20,Max,0.4635,0.8138,0.3503,0.8138,18,18,0.5,605483,127,107598,358,0.001176405,,,,,,,,,,,,
4855,LogReg_alpha_0_5_Hard_Run_0_Round_4,mProb_50,Min,0.4896,0.6743,0.1847,0.4896,413,400,0.49200492,596298,9312,96970,10986,0.086257364,,,,,,,,,,,,
6695,LogReg_alpha_0_5_Hard_Run_0_Round_4,mProb_50,Max,0.4896,0.6743,0.1847,0.6743,97,100,0.507614213,604244,1366,105338,2618,0.012653303,,,,,,,,,,,,
4965,LogReg_alpha_0_5_Hard_Run_0_Round_4,mProb_100,Min,0.5006,0.6114,0.1108,0.5006,754,727,0.490884537,597180,8430,97772,10184,0.078087369,,,,,,,,,,,,
6073,LogReg_alpha_0_5_Hard_Run_0_Round_4,mProb_100,Max,0.5006,0.6114,0.1108,0.6114,320,328,0.50617284,602760,2850,103500,4456,0.026399644,,,,,,,,,,,,
5104,LogReg_alpha_0_5_Hard_Run_0_Round_4,mProb_200,Min,0.5145,0.5625,0.048,0.5145,1376,1325,0.490559052,598176,7434,98702,9254,0.068861388,,,,,,,,,,,,
5584,LogReg_alpha_0_5_Hard_Run_0_Round_4,mProb_200,Max,0.5145,0.5625,0.048,0.5625,947,985,0.509834369,600949,4661,101491,6465,0.043174997,,,,,,,,,,,,
5160,LogReg_alpha_0_5_Hard_Run_0_Round_4,mProb_500,Min,0.5201,0.554,0.0339,0.5201,3317,3191,0.490319607,598568,7042,99079,8877,0.065230279,,,,,,,,,,,,
5233,LogReg_alpha_0_5_Hard_Run_0_Round_4,mProb_1000,Min,0.5274,0.5624,0.035,0.5274,6384,6138,0.490177288,599011,6599,99550,8406,0.061126755,,,,,,,,,,,,
5583,LogReg_alpha_0_5_Hard_Run_0_Round_4,mProb_1000,Max,0.5274,0.5624,0.035,0.5624,4776,4969,0.509902514,600944,4666,101484,6472,0.043221312,,,,,,,,,,,,
5401,LogReg_alpha_0_5_Hard_Run_0_Round_4,mProb_2000,Min,0.5442,0.5814,0.0372,0.5442,11918,11453,0.490051774,600005,5605,100504,7452,0.0519193,,,,,,,,,,,,
5773,LogReg_alpha_0_5_Hard_Run_0_Round_4,mProb_2000,Max,0.5442,0.5814,0.0372,0.5814,8808,9161,0.509822472,601722,3888,102365,5591,0.036014673,,,,,,,,,,,,
4,LogReg_alpha_0_5_Medium_Run_0_Round_4,mProb_1,Min,0.0123,0.7318,0.7195,0.0123,1,1,0.5,6,605604,1,107955,5.60972989,,,,,,,,,,,,
6645,LogReg_alpha_0_5_Medium_Run_0_Round_4,mProb_1,Max,0.0123,0.7318,0.7195,0.7318,1,1,0.5,605601,9,107937,19,8.34E-05,,,,,,,,,,,,
3716,LogReg_alpha_0_5_Medium_Run_0_Round_4,mProb_10,Min,0.3854,0.7358,0.3504,0.3854,115,113,0.495614035,589896,15714,95002,12954,0.145559302,,,,,,,,,,,,
6653,LogReg_alpha_0_5_Medium_Run_0_Round_4,mProb_10,Max,0.3854,0.7358,0.3504,0.7358,5,5,0.5,605605,5,107941,15,4.63E-05,,,,,,,,,,,,
4263,LogReg_alpha_0_5_Medium_Run_0_Round_4,mProb_20,Min,0.4401,0.7284,0.2883,0.4401,174,170,0.494186047,596467,9143,99442,8514,0.084691912,,,,,,,,,,,,
6641,LogReg_alpha_0_5_Medium_Run_0_Round_4,mProb_20,Max,0.4401,0.7284,0.2883,0.7284,12,12,0.5,605599,11,107934,22,0.000101893,,,,,,,,,,,,
4675,LogReg_alpha_0_5_Medium_Run_0_Round_4,mProb_50,Min,0.4813,0.7018,0.2205,0.4813,337,324,0.490166415,599954,5656,102260,5696,0.052391715,,,,,,,,,,,,
6580,LogReg_alpha_0_5_Medium_Run_0_Round_4,mProb_50,Max,0.4813,0.7018,0.2205,0.7018,29,30,0.508474576,605568,42,107896,60,0.000389047,,,,,,,,,,,,
4844,LogReg_alpha_0_5_Medium_Run_0_Round_4,mProb_100,Min,0.4982,0.6266,0.1284,0.4982,603,584,0.49199663,601087,4523,103279,4677,0.041896699,,,,,,,,,,,,
6111,LogReg_alpha_0_5_Medium_Run_0_Round_4,mProb_100,Max,0.4982,0.6266,0.1284,0.6266,133,138,0.509225092,605206,404,107411,545,0.003742265,,,,,,,,,,,,
5029,LogReg_alpha_0_5_Medium_Run_0_Round_4,mProb_200,Min,0.5167,0.6212,0.1045,0.5167,1040,1003,0.490944689,602124,3486,104257,3699,0.032290933,,,,,,,,,,,,
6065,LogReg_alpha_0_5_Medium_Run_0_Round_4,mProb_200,Max,0.5167,0.6212,0.1045,0.6212,286,297,0.509433962,605147,463,107352,604,0.004288784,,,,,,,,,,,,
5035,LogReg_alpha_0_5_Medium_Run_0_Round_4,mProb_500,Min,0.5173,0.5781,0.0608,0.5173,2537,2438,0.490050251,602158,3452,104288,3668,0.03197599,,,,,,,,,,,,
5221,LogReg_alpha_0_5_Medium_Run_0_Round_4,mProb_1000,Min,0.5359,0.5893,0.0534,0.5359,4284,4117,0.490060707,603009,2601,105143,2813,0.024093149,,,,,,,,,,,,
5753,LogReg_alpha_0_5_Medium_Run_0_Round_4,mProb_1000,Max,0.5359,0.5893,0.0534,0.5893,2230,2319,0.50978237,604615,995,106740,1216,0.009216718,,,,,,,,,,,,
5475,LogReg_alpha_0_5_Medium_Run_0_Round_4,mProb_2000,Min,0.5614,0.5813,0.0199,0.5614,7144,6864,0.490005711,603869,1741,106009,1947,0.016126941,,,,,,,,,,,,
5673,LogReg_alpha_0_5_Medium_Run_0_Round_4,mProb_2000,Max,0.5614,0.5813,0.0199,0.5813,5674,5715,0.501799982,604415,1195,106524,1432,0.011069325,,,,,,,,,,,,
2534,LogReg_alpha_0_5_Easy_Run_0_Round_4,mProb_1,Min,0.2912,0.4402,0.149,0.2912,20,20,0.5,586196,19414,99142,8814,0.179832524,,,,,,,,,,,,
3691,LogReg_alpha_0_5_Easy_Run_0_Round_4,mProb_10,Min,0.4081,0.4689,0.0608,0.4081,23,23,0.5,605132,478,107654,302,0.00442773,,,,,,,,,,,,
3890,LogReg_alpha_0_5_Easy_Run_0_Round_4,mProb_10,Max,0.4081,0.4689,0.0608,0.4689,5,5,0.5,605608,2,107954,2,1.85E-05,,,,,,,,,,,,
3741,LogReg_alpha_0_5_Easy_Run_0_Round_4,mProb_20,Min,0.4146,0.458,0.0434,0.4146,39,38,0.493506494,605281,329,107747,209,0.003047538,,,,,,,,,,,,
3885,LogReg_alpha_0_5_Easy_Run_0_Round_4,mProb_20,Max,0.4146,0.458,0.0434,0.458,10,10,0.5,605606,4,107951,5,3.71E-05,,,,,,,,,,,,
102,LogReg_alpha_balanced_Hard_Run_0_Round_4,mProb_1,Min,0.037,0.9805,0.9435,0.037,1,1,0.5,226,605384,3,107953,5.607692023,,,,,,,,,,,,
9521,LogReg_alpha_balanced_Hard_Run_0_Round_4,mProb_1,Max,0.037,0.9805,0.9435,0.9805,1,1,0.5,605606,4,107937,19,3.71E-05,,,,,,,,,,,,
7954,LogReg_alpha_balanced_Hard_Run_0_Round_4,mProb_10,Min,0.8223,0.9348,0.1125,0.8223,195,190,0.493506494,590328,15282,92629,15327,0.141557672,,,,,,,,,,,,
9079,LogReg_alpha_balanced_Hard_Run_0_Round_4,mProb_10,Max,0.8223,0.9348,0.1125,0.9348,60,60,0.5,604489,1121,105886,2070,0.01038386,,,,,,,,,,,,
8074,LogReg_alpha_balanced_Hard_Run_0_Round_4,mProb_20,Min,0.8343,0.9276,0.0933,0.8343,321,309,0.49047619,592727,12883,94508,13448,0.119335655,,,,,,,,,,,,
9007,LogReg_alpha_balanced_Hard_Run_0_Round_4,mProb_20,Max,0.8343,0.9276,0.0933,0.9276,129,133,0.507633588,604137,1473,105350,2606,0.013644448,,,,,,,,,,,,
8359,LogReg_alpha_balanced_Hard_Run_0_Round_4,mProb_50,Min,0.8628,0.9051,0.0423,0.8628,725,699,0.490870787,597528,8082,98561,9395,0.074863833,,,,,,,,,,,,
8782,LogReg_alpha_balanced_Hard_Run_0_Round_4,mProb_50,Max,0.8628,0.9051,0.0423,0.9051,456,470,0.507559395,602467,3143,103456,4500,0.029113713,,,,,,,,,,,,
8369,LogReg_alpha_balanced_Hard_Run_0_Round_4,mProb_100,Min,0.8638,0.9011,0.0373,0.8638,1441,1386,0.490272374,597669,7941,98688,9268,0.073557746,,,,,,,,,,,,
8742,LogReg_alpha_balanced_Hard_Run_0_Round_4,mProb_100,Max,0.8638,0.9011,0.0373,0.9011,933,970,0.509721492,602098,3512,103074,4882,0.032531772,,,,,,,,,,,,
8464,LogReg_alpha_balanced_Hard_Run_0_Round_4,mProb_200,Min,0.8733,0.8983,0.025,0.8733,2646,2549,0.4906641,598974,6636,99962,7994,0.061469488,,,,,,,,,,,,
8505,LogReg_alpha_balanced_Hard_Run_0_Round_4,mProb_500,Min,0.8774,0.8983,0.0209,0.8774,6298,6059,0.490329368,599487,6123,100455,7501,0.056717552,,,,,,,,,,,,
8714,LogReg_alpha_balanced_Hard_Run_0_Round_4,mProb_500,Max,0.8774,0.8983,0.0209,0.8983,4885,5073,0.509439647,601843,3767,102788,5168,0.034893846,,,,,,,,,,,,
8558,LogReg_alpha_balanced_Hard_Run_0_Round_4,mProb_1000,Min,0.8827,0.8995,0.0168,0.8827,11930,11479,0.490366953,600172,5438,101085,6871,0.050372374,,,,,,,,,,,,
8726,LogReg_alpha_balanced_Hard_Run_0_Round_4,mProb_1000,Max,0.8827,0.8995,0.0168,0.8995,9708,10104,0.509993943,601958,3652,102913,5043,0.033828597,,,,,,,,,,,,
113,LogReg_alpha_balanced_Medium_Run_0_Round_4,mProb_1,Min,0.0948,0.9427,0.8479,0.0948,1,1,0.5,174,605436,4,107952,5.6081737,,,,,,,,,,,,
8519,LogReg_alpha_balanced_Medium_Run_0_Round_4,mProb_1,Max,0.0948,0.9427,0.8479,0.9427,1,1,0.5,605603,7,107938,18,6.48E-05,,,,,,,,,,,,
7414,LogReg_alpha_balanced_Medium_Run_0_Round_4,mProb_10,Min,0.8262,0.9421,0.1159,0.8262,128,126,0.496062992,597340,8270,100285,7671,0.076605284,,,,,,,,,,,,
8517,LogReg_alpha_balanced_Medium_Run_0_Round_4,mProb_10,Max,0.8262,0.9421,0.1159,0.9421,8,8,0.5,605601,9,107937,19,8.34E-05,,,,,,,,,,,,
7616,LogReg_alpha_balanced_Medium_Run_0_Round_4,mProb_20,Min,0.8464,0.9398,0.0934,0.8464,258,249,0.49112426,600244,5366,102623,5333,0.049705436,,,,,,,,,,,,
8503,LogReg_alpha_balanced_Medium_Run_0_Round_4,mProb_20,Max,0.8464,0.9398,0.0934,0.9398,15,15,0.5,605588,22,107928,28,0.000203787,,,,,,,,,,,,
7732,LogReg_alpha_balanced_Medium_Run_0_Round_4,mProb_50,Min,0.858,0.9266,0.0686,0.858,557,539,0.491788321,601678,3932,103908,4048,0.036422246,,,,,,,,,,,,
8410,LogReg_alpha_balanced_Medium_Run_0_Round_4,mProb_50,Max,0.858,0.9266,0.0686,0.9266,53,55,0.509259259,605516,94,107829,127,0.000870725,,,,,,,,,,,,
7726,LogReg_alpha_balanced_Medium_Run_0_Round_4,mProb_100,Min,0.8574,0.9089,0.0515,0.8574,1103,1063,0.49076639,601597,4013,103844,4112,0.037172552,,,,,,,,,,,,
8241,LogReg_alpha_balanced_Medium_Run_0_Round_4,mProb_100,Max,0.8574,0.9089,0.0515,0.9089,323,331,0.506116208,605212,398,107443,513,0.003686687,,,,,,,,,,,,
7807,LogReg_alpha_balanced_Medium_Run_0_Round_4,mProb_200,Min,0.8655,0.8913,0.0258,0.8655,1929,1862,0.491163281,602444,3166,104667,3289,0.029326763,,,,,,,,,,,,
7887,LogReg_alpha_balanced_Medium_Run_0_Round_4,mProb_500,Min,0.8735,0.8958,0.0223,0.8735,4302,4135,0.490103117,603156,2454,105347,2609,0.022731483,,,,,,,,,,,,
8110,LogReg_alpha_balanced_Medium_Run_0_Round_4,mProb_500,Max,0.8735,0.8958,0.0223,0.8958,2523,2621,0.509525661,604666,944,106859,1097,0.008744303,,,,,,,,,,,,
8012,LogReg_alpha_balanced_Medium_Run_0_Round_4,mProb_1000,Min,0.886,0.8893,0.0033,0.886,6781,6518,0.490112038,604072,1538,106239,1717,0.014246545,,,,,,,,,,,,
8045,LogReg_alpha_balanced_Medium_Run_0_Round_4,mProb_1000,Max,0.886,0.8893,0.0033,0.8893,6345,6151,0.492237516,604291,1319,106463,1493,0.012217941,,,,,,,,,,,,
61,LogReg_alpha_balanced_Easy_Run_0_Round_4,mProb_1,Min,0.1914,0.8183,0.6269,0.1914,1,1,0.5,138,605472,2,107954,5.60850717,,,,,,,,,,,,
6248,LogReg_alpha_balanced_Easy_Run_0_Round_4,mProb_1,Max,0.1914,0.8183,0.6269,0.8183,1,1,0.5,605594,16,107941,15,0.000148209,,,,,,,,,,,,
6137,LogReg_alpha_balanced_Easy_Run_0_Round_4,mProb_10,Min,0.8022,0.8347,0.0325,0.8022,22,22,0.5,605258,352,107733,223,0.003260588,,,,,,,,,,,,
6269,LogReg_alpha_balanced_Easy_Run_0_Round_4,mProb_10,Max,0.8022,0.8347,0.0325,0.8347,5,5,0.5,605608,2,107954,2,1.85E-05,,,,,,,,,,,,
6260,LogReg_alpha_balanced_Easy_Run_0_Round_4,mProb_20,Min,0.8225,0.828,0.0055,0.8225,13,13,0.5,605604,6,107949,7,5.56E-05,,,,,,,,,,,,
1410,RFC_Hard_Run_0_Round_4,mProb_1,Min,0.2472,0.3076,0.0604,0.2472,59,60,0.504201681,594038,11572,97636,10320,0.107191819,,,,,,,,,,,,
2006,RFC_Hard_Run_0_Round_4,mProb_1,Max,0.2472,0.3076,0.0604,0.3076,1,1,0.5,605606,4,107947,9,3.71E-05,,,,,,,,,,,,
1656,RFC_Hard_Run_0_Round_4,mProb_10,Min,0.2718,0.2726,0.0008,0.2718,159,153,0.490384615,603964,1646,105101,2855,0.015246952,,,,,,,,,,,,
1664,RFC_Hard_Run_0_Round_4,mProb_10,Max,0.2718,0.2726,0.0008,0.2726,153,149,0.493377483,604087,1523,105220,2736,0.014107599,,,,,,,,,,,,
1656,RFC_Hard_Run_0_Round_4,mProb_20,Min,0.2718,0.2722,0.0004,0.2718,315,310,0.496,603964,1646,105101,2855,0.015246952,,,,,,,,,,,,
1649,RFC_Hard_Run_0_Round_4,mProb_50,Min,0.2711,0.2722,0.0011,0.2711,798,779,0.493975904,603850,1760,104999,2957,0.016302938,,,,,,,,,,,,
1660,RFC_Hard_Run_0_Round_4,mProb_50,Max,0.2711,0.2722,0.0011,0.2722,726,755,0.509790682,604026,1584,105165,2791,0.014672644,,,,,,,,,,,,
1651,RFC_Hard_Run_0_Round_4,mProb_100,Min,0.2713,0.2728,0.0015,0.2713,1581,1526,0.491149018,603879,1731,105029,2927,0.01603431,,,,,,,,,,,,
1666,RFC_Hard_Run_0_Round_4,mProb_100,Max,0.2713,0.2728,0.0015,0.2728,1385,1425,0.507117438,604117,1493,105252,2704,0.013829708,,,,,,,,,,,,
1657,RFC_Hard_Run_0_Round_4,mProb_200,Min,0.2719,0.274,0.0021,0.2719,3276,3153,0.490433971,603978,1632,105117,2839,0.01511727,,,,,,,,,,,,
1678,RFC_Hard_Run_0_Round_4,mProb_200,Max,0.2719,0.274,0.0021,0.274,2771,2876,0.509296972,604256,1354,105436,2520,0.012542147,,,,,,,,,,,,
1720,RFC_Hard_Run_0_Round_4,mProb_500,Min,0.2782,0.2815,0.0033,0.2782,7748,7445,0.490028303,604653,957,105960,1996,0.008864723,,,,,,,,,,,,
1753,RFC_Hard_Run_0_Round_4,mProb_500,Max,0.2782,0.2815,0.0033,0.2815,6095,6335,0.509654063,604895,715,106352,1604,0.006623069,,,,,,,,,,,,
1094,RFC_Medium_Run_0_Round_4,mProb_1,Min,0.2159,0.2729,0.057,0.2159,51,50,0.495049505,584500,21110,93065,14891,0.195542628,,,,,,,,,,,,
1652,RFC_Medium_Run_0_Round_4,mProb_1,Max,0.2159,0.2729,0.057,0.2729,1,1,0.5,605605,5,107952,4,4.63E-05,,,,,,,,,,,,
1359,RFC_Medium_Run_0_Round_4,mProb_10,Min,0.2424,0.2727,0.0303,0.2424,342,336,0.495575221,601513,4097,104208,3748,0.037950647,,,,,,,,,,,,
1651,RFC_Medium_Run_0_Round_4,mProb_10,Max,0.2424,0.2727,0.0303,0.2727,7,7,0.5,605604,6,107951,5,5.56E-05,,,,,,,,,,,,
1438,RFC_Medium_Run_0_Round_4,mProb_20,Min,0.2503,0.2722,0.0219,0.2503,371,369,0.498648649,603703,1907,106170,1786,0.017664604,,,,,,,,,,,,
1647,RFC_Medium_Run_0_Round_4,mProb_20,Max,0.2503,0.2722,0.0219,0.2722,18,18,0.5,605601,9,107948,8,8.34E-05,,,,,,,,,,,,
1500,RFC_Medium_Run_0_Round_4,mProb_50,Min,0.2565,0.2698,0.0133,0.2565,694,670,0.491202346,604698,912,107074,882,0.008447886,,,,,,,,,,,,
1630,RFC_Medium_Run_0_Round_4,mProb_50,Max,0.2565,0.2698,0.0133,0.2698,64,65,0.503875969,605583,27,107933,23,0.000250102,,,,,,,,,,,,
1525,RFC_Medium_Run_0_Round_4,mProb_100,Min,0.259,0.2674,0.0084,0.259,1125,1085,0.490950226,605017,593,107373,583,0.005492979,,,,,,,,,,,,
130,RFC_Easy_Run_0_Round_4,mProb_1,Min,0.1187,0.2179,0.0992,0.1187,1,1,0.5,94278,511332,5975,101981,4.736485235,,,,,,,,,,,,
1068,RFC_Easy_Run_0_Round_4,mProb_1,Max,0.1187,0.2179,0.0992,0.2179,7,7,0.5,605579,31,107933,23,0.000287154,,,,,,,,,,,,
1297,RUSBoost_Hard_Run_0_Round_6,mProb_1,Min,0.50039,0.500961,0.000571,0.50039,96,96,0.5,592331,13279,94112,13844,0.123003816,,,,,,,,,,,,
1847,RUSBoost_Hard_Run_0_Round_6,mProb_1,Max,0.50039,0.500961,0.000571,0.500961,1,1,0.5,605605,5,107938,18,4.63E-05,,,,,,,,,,,,
1364,RUSBoost_Hard_Run_0_Round_6,mProb_10,Min,0.500457,0.500584,0.000127,0.500457,673,660,0.495123781,598194,7416,99070,8886,0.068694653,,,,,,,,,,,,
1491,RUSBoost_Hard_Run_0_Round_6,mProb_10,Max,0.500457,0.500584,0.000127,0.500584,246,242,0.495901639,603398,2212,104430,3526,0.020489829,,,,,,,,,,,,
1369,RUSBoost_Hard_Run_0_Round_6,mProb_20,Min,0.500462,0.500541,7.90E-05,0.500462,1288,1245,0.491512041,598522,7088,99375,8581,0.065656379,,,,,,,,,,,,
1448,RUSBoost_Hard_Run_0_Round_6,mProb_20,Max,0.500462,0.500541,7.90E-05,0.500541,697,724,0.509500352,602226,3384,103102,4854,0.031346104,,,,,,,,,,,,
1380,RUSBoost_Hard_Run_0_Round_6,mProb_50,Min,0.500473,0.500526,5.30E-05,0.500473,2968,2858,0.490559561,599183,6427,100018,7938,0.059533514,,,,,,,,,,,,
1433,RUSBoost_Hard_Run_0_Round_6,mProb_50,Max,0.500473,0.500526,5.30E-05,0.500526,1931,1995,0.50815079,601696,3914,102523,5433,0.036255512,,,,,,,,,,,,
1388,RUSBoost_Hard_Run_0_Round_6,mProb_100,Min,0.500481,0.500523,4.20E-05,0.500481,5642,5423,0.490103931,599616,5994,100430,7526,0.05552262,,,,,,,,,,,,
1411,RUSBoost_Hard_Run_0_Round_6,mProb_200,Min,0.500504,0.500539,3.50E-05,0.500504,10088,9703,0.490273357,600798,4812,101622,6334,0.044573715,,,,,,,,,,,,
1446,RUSBoost_Hard_Run_0_Round_6,mProb_200,Max,0.500504,0.500539,3.50E-05,0.500539,7551,7839,0.509356725,602152,3458,103021,4935,0.032031568,,,,,,,,,,,,
1509,RUSBoost_Hard_Run_0_Round_6,mProb_500,Min,0.500602,0.500642,4.00E-05,0.500602,18226,17523,0.490167557,603777,1833,104884,3072,0.01697914,,,,,,,,,,,,
1549,RUSBoost_Hard_Run_0_Round_6,mProb_500,Max,0.500602,0.500642,4.00E-05,0.500642,13160,13666,0.509431149,604412,1198,105715,2241,0.011097114,,,,,,,,,,,,
20,RUSBoost_Medium_Run_0_Round_5,mProb_1,Min,0.49014,0.51056,0.02042,0.49014,1,1,0.5,22,605588,3,107953,5.609581681,,,,,,,,,,,,
266,RUSBoost_Easy_Run_0_Round_4,mProb_1,Min,0.5142,0.5489,0.0347,0.5142,2,2,0.5,605316,294,107825,131,0.002723332,,,,,,,,,,,,