,y_proba,y_test,Neg,Pos,TN,FP,FN,TP,FP/P,Prec,TP_1,FP_1,Prec_1,TP_10,FP_10,Prec_10,TP_20,FP_20,Prec_20,TP_50,FP_50,Prec_50,TP_100,FP_100,Prec_100,TP_200,FP_200,Prec_200,TP_500,FP_500,Prec_500,TP_1000,FP_1000,Prec_1000,TP_2000,FP_2000,Prec_2000,mProb,Pos_1,Neg_1,mProb_1,Pos_10,Neg_10,mProb_10,Pos_20,Neg_20,mProb_20,Pos_50,Neg_50,mProb_50,Pos_100,Neg_100,mProb_100,Pos_200,Neg_200,mProb_200,Pos_500,Neg_500,mProb_500,Pos_1000,Neg_1000,mProb_1000,Pos_2000,Neg_2000,mProb_2000
0,0.0,2129,76557,2129,76557,529053,2129,105827,4.900635444069806,0.16668819304435484,105827.0,529053.0,0.16668819304435484,,,,,,,,,,,,,,,,,,,,,,,,,0.027056909742520906,2129.0,76557.0,0.027056909742520906,,,,,,,,,,,,,,,,,,,,,,,,
1,0.02,0,1,0,76558,529052,2129,105827,4.900626181036719,0.16668845559547568,105827.0,529052.0,0.16668845559547568,,,,,,,,,,,,,,,,,,,,,,,,,0.0,0.0,1.0,0.0,,,,,,,,,,,,,,,,,,,,,,,,
2,0.025,0,4,0,76562,529048,2129,105827,4.900589128904368,0.16668950580822997,105827.0,529048.0,0.16668950580822997,,,,,,,,,,,,,,,,,,,,,,,,,0.0,0.0,4.0,0.0,,,,,,,,,,,,,,,,,,,,,,,,
3,0.0333,2,21,2,76583,529027,2131,105825,4.90039460520953,0.16669239444783981,105825.0,529027.0,0.16669239444783981,,,,,,,,,,,,,,,,,,,,,,,,,0.08695652173913043,2.0,21.0,0.08695652173913043,,,,,,,,,,,,,,,,,,,,,,,,
4,0.04,0,1,0,76584,529026,2131,105825,4.900385342176442,0.16669265701715835,105825.0,529026.0,0.16669265701715835,,,,,,,,,,,,,,,,,,,,,,,,,0.0,0.0,1.0,0.0,,,,,,,,,,,,,,,,,,,,,,,,
5,0.05,4,183,4,76767,528843,2135,105821,4.89869020712142,0.16673546947676252,105821.0,528843.0,0.16673546947676252,105821.6,528896.0,0.16672233446811624,,,,,,,,,,,,,,,,,,,,,,0.0213903743315508,4.0,183.0,0.0213903743315508,2142.0,76938.0,0.02708649468892261,,,,,,,,,,,,,,,,,,,,,
6,0.06,0,4,0,76771,528839,2135,105821,4.89865315498907,0.16673652034160022,105821.0,528839.0,0.16673652034160022,105820.2,528857.4,0.16673063615290662,,,,,,,,,,,,,,,,,,,,,,0.0,0.0,4.0,0.0,14.0,386.0,0.035,,,,,,,,,,,,,,,,,,,,,
7,0.0667,6,123,6,76894,528716,2141,105815,4.897513801919301,0.16676096203337584,105815.0,528716.0,0.16676096203337584,105818.8,528818.8,0.16673893888417576,,,,,,,,,,,,,,,,,,,,,,0.046511627906976744,6.0,123.0,0.046511627906976744,14.0,386.0,0.035,,,,,,,,,,,,,,,,,,,,,
8,0.075,1,32,1,76926,528684,2142,105814,4.8972173848604985,0.1667680591585789,105814.0,528684.0,0.1667680591585789,105345.2,519153.5,0.16868762096702525,,,,,,,,,,,,,,,,,,,,,,0.030303030303030304,1.0,32.0,0.030303030303030304,4736.0,96653.0,0.04671118168637623,,,,,,,,,,,,,,,,,,,,,
9,0.08,0,12,0,76938,528672,2142,105814,4.897106228463448,0.16677121323401936,105814.0,528672.0,0.16677121323401936,104871.8,509489.6,0.17070050299384043,,,,,,,,,,,,,,,,,,,,,,0.0,0.0,12.0,0.0,4734.0,96639.0,0.046698825130952026,,,,,,,,,,,,,,,,,,,,,
10,0.0833,1,5,1,76943,528667,2143,105813,4.89705991329801,0.16677121422267052,105813.0,528667.0,0.16677121422267052,104398.3,499820.8,0.17278219109591209,103925.05,490200.6,0.1749209952473858,,,,,,,,,,,,,,,,,,,0.16666666666666666,1.0,5.0,0.16666666666666666,4735.0,96688.0,0.04668566301529239,6887.0,173638.0,0.038149840742279464,,,,,,,,,,,,,,,,,,
11,0.0875,0,1,0,76944,528666,2143,105813,4.897050650264923,0.16677147707016307,105813.0,528666.0,0.16677147707016307,103925.2,490169.9,0.17493024264970372,103686.6,485336.45,0.17603148128074106,,,,,,,,,,,,,,,,,,,0.0,0.0,1.0,0.0,4731.0,96509.0,0.04673054128802845,4769.0,97283.0,0.04673107827382119,,,,,,,,,,,,,,,,,,
12,0.1,4722,96271,4722,173215,432395,6865,101091,4.005289191892993,0.18949138309159003,101091.0,432395.0,0.18949138309159003,103452.1,480519.3,0.1771526824772583,103448.15,480469.95,0.17716208831341243,,,,,,,,,,,,,,,,,,,0.04675571574267524,4722.0,96271.0,0.04675571574267524,4731.0,96506.0,0.046731926074458946,4769.0,97330.0,0.04670956620534971,,,,,,,,,,,,,,,,,,
13,0.125,0,7,0,173222,432388,6865,101091,4.005224350661381,0.1894938694868964,101091.0,432388.0,0.1894938694868964,102977.5,470845.7,0.17945858585013644,103209.6,475602.4,0.17831282005210675,,,,,,,,,,,,,,,,,,,0.0,0.0,7.0,0.0,4746.0,96736.0,0.04676691432963481,4771.0,97351.0,0.04671863065744893,,,,,,,,,,,,,,,,,,
14,0.1333,1,50,1,173272,432338,6866,101090,4.004761199007003,0.18951011195512796,101090.0,432338.0,0.18951011195512796,102503.0,461175.2,0.1818466635750682,102971.0,470735.45,0.1794837760670113,,,,,,,,,,,,,,,,,,,0.0196078431372549,1.0,50.0,0.0196078431372549,4745.0,96705.0,0.04677180877279448,4772.0,97339.0,0.046733456728462165,,,,,,,,,,,,,,,,,,
15,0.14,0,4,0,173276,432334,6866,101090,4.004724146874652,0.1895115330393833,101090.0,432334.0,0.1895115330393833,102028.5,451505.2,0.18432211083083108,102732.4,465868.5,0.1806757604499043,,,,,,,,,,,,,,,,,,,0.0,0.0,4.0,0.0,4745.0,96700.0,0.04677411405194933,4772.0,97339.0,0.046733456728462165,,,,,,,,,,,,,,,,,,
16,0.1417,0,1,0,173277,432333,6866,101090,4.004714883841565,0.18951188831377724,101090.0,432333.0,0.18951188831377724,101553.0,441815.5,0.1868952653677937,102126.65,456044.2,0.18296664901078227,,,,,,,,,,,,,,,,,,,0.0,0.0,1.0,0.0,4755.0,96897.0,0.046777239995278004,12115.0,196486.0,0.058077382179375935,,,,,,,,,,,,,,,,,,
17,0.15,21,353,21,173630,431980,6887,101069,4.001445033161659,0.18960545841001483,101069.0,431980.0,0.18960545841001483,101077.5,432121.1,0.18956820216707246,101520.9,446220.0,0.1853447496800038,,,,,,,,,,,,,,,,,,,0.05614973262032086,21.0,353.0,0.05614973262032086,4755.0,96944.0,0.04675562198251704,12115.0,196484.0,0.058077939012171675,,,,,,,,,,,,,,,,,,
18,0.1571,0,1,0,173631,431979,6887,101069,4.0014357701285705,0.18960581411054914,101069.0,431979.0,0.18960581411054914,101074.0,432051.3,0.18958770105264183,100915.45,436401.65,0.18781358345007074,,,,,,,,,,,,,,,,,,,0.0,0.0,1.0,0.0,35.0,698.0,0.047748976807639835,12109.0,196367.0,0.05808342447092231,,,,,,,,,,,,,,,,,,
19,0.16,0,7,0,173638,431972,6887,101069,4.001370928896958,0.18960830405165832,101069.0,431972.0,0.18960830405165832,101070.2,431981.3,0.18960682035413087,100309.85,426581.0,0.1903807021890777,,,,,,,,,,,,,,,,,,,0.0,0.0,7.0,0.0,38.0,700.0,0.051490514905149054,12112.0,196413.0,0.0580841625704352,,,,,,,,,,,,,,,,,,
20,0.1667,11,202,11,173840,431770,6898,101058,3.999499796213272,0.18966345612467814,101058.0,431770.0,0.18966345612467814,101066.5,431916.2,0.18962435366101002,99704.25,416760.9,0.1930512639623409,,,,,,,,,,,,,,,,,,,0.051643192488262914,11.0,202.0,0.051643192488262914,37.0,651.0,0.05377906976744186,12112.0,196402.0,0.058087226756956364,,,,,,,,,,,,,,,,,,
21,0.175,0,48,0,173888,431722,6898,101058,3.9990551706250694,0.1896805435639476,101058.0,431722.0,0.1896805435639476,100328.1,421918.5,0.1921086705016366,99098.7,406940.9,0.19583190722623287,,,,,,,,,,,,,,,,,,,0.0,0.0,48.0,0.0,7384.0,99977.0,0.06877730274494463,12111.0,196400.0,0.058083266590251835,,,,,,,,,,,,,,,,,,
22,0.18,2,25,2,173913,431697,6900,101056,3.9988235947978805,0.18968640251673852,101056.0,431697.0,0.18968640251673852,99589.7,411920.7,0.19469731211721206,98493.15,397120.9,0.19872953561344758,,,,,,,,,,,,,,,,,,,0.07407407407407407,2.0,25.0,0.07407407407407407,7384.0,99978.0,0.06877666213371585,12111.0,196400.0,0.058083266590251835,,,,,,,,,,,,,,,,,,
23,0.1833,3,9,3,173922,431688,6903,101053,3.9987402275000927,0.18968504395193914,101053.0,431688.0,0.18968504395193914,98853.4,401957.6,0.19738663887175,98121.4,392090.3,0.20016127726041627,,,,,,,,,,,,,,,,,,,0.25,3.0,9.0,0.25,7363.0,99631.0,0.06881694300614988,7435.0,100612.0,0.06881264634834841,,,,,,,,,,,,,,,,,,
24,0.1875,0,1,0,173923,431687,6903,101053,3.998730964467005,0.18968540000750836,101053.0,431687.0,0.18968540000750836,98116.7,391986.8,0.20019587699332894,97749.65,387060.0,0.20162480264161406,,,,,,,,,,,,,,,,,,,0.0,0.0,1.0,0.0,7367.0,99708.0,0.06880224141956573,7435.0,100606.0,0.06881646782240075,,,,,,,,,,,,,,,,,,
25,0.2,7347,99330,7347,273253,332357,14250,93706,3.0786338878802475,0.21993461060922914,93706.0,332357.0,0.21993461060922914,97380.0,382016.6,0.20313035177971642,97377.8,382031.7,0.20312029694864203,97100.72,392351.04,0.19838670107141917,,,,,,,,,,,,,,,,0.06887145307798306,7347.0,99330.0,0.06887145307798306,7367.0,99702.0,0.06880609700286731,7437.0,100566.0,0.06885919835560124,24390.0,365807.0,0.062506887546547,,,,,,,,,,,,,,,
26,0.2167,0,2,0,273255,332355,14250,93706,3.0786153618140726,0.21993564301825325,93706.0,332355.0,0.21993564301825325,96644.4,372066.3,0.20619200713787844,97004.85,376991.9,0.20465298548987942,96655.46,386565.74,0.2000232191799532,,,,,,,,,,,,,,,,0.0,0.0,2.0,0.0,7356.0,99503.0,0.06883837580362909,7459.0,100796.0,0.06890212923190615,22263.0,289265.0,0.07146388125625946,,,,,,,,,,,,,,,
27,0.225,0,6,0,273261,332349,14250,93706,3.078559783615547,0.21993874030348196,93706.0,332349.0,0.21993874030348196,95908.8,362120.7,0.20939437306985687,96631.9,371952.1,0.2062210830928926,96209.6,380775.06,0.20170376129077192,,,,,,,,,,,,,,,,0.0,0.0,6.0,0.0,7356.0,99456.0,0.06886866644197281,7459.0,100796.0,0.06890212923190615,22293.0,289534.0,0.0714915642327316,,,,,,,,,,,,,,,
28,0.2333,4,78,4,273339,332271,14254,93702,3.077837267034718,0.21997168834644448,93702.0,332271.0,0.21997168834644448,95168.8,352129.3,0.21276370277450318,96259.6,366926.55,0.20782054903843736,95763.74,374984.4,0.2034288228945525,,,,,,,,,,,,,,,,0.04878048780487805,4.0,78.0,0.04878048780487805,7400.0,99914.0,0.06895652011853066,7446.0,100511.0,0.06897190548088591,22293.0,289533.0,0.07149179350022128,,,,,,,,,,,,,,,
29,0.2357,0,1,0,273340,332270,14254,93702,3.0778280040016304,0.21997220474585183,93702.0,332270.0,0.21997220474585183,94429.1,342138.7,0.2162988200229151,95887.2,361900.1,0.20945797316788822,95317.92,369194.14,0.20520009749585402,,,,,,,,,,,,,,,,0.0,0.0,1.0,0.0,7397.0,99906.0,0.0689356308770491,7448.0,100529.0,0.06897765264824916,22291.0,289513.0,0.07149042347115496,,,,,,,,,,,,,,,
30,0.24,0,3,0,273343,332267,14254,93702,3.0778002149023678,0.2199737539586214,93702.0,332267.0,0.2199737539586214,93689.1,332147.2,0.22001200930968073,95514.75,356873.35,0.2111345324954392,94871.84,363402.14,0.20701991415702894,,,,,,,,,,,,,,,,0.0,0.0,3.0,0.0,7400.0,99915.0,0.06895587755672553,7449.0,100535.0,0.06898244184323603,22304.0,289600.0,0.07150918231250641,,,,,,,,,,,,,,,
31,0.2467,0,1,0,273344,332266,14254,93702,3.07779095186928,0.21997427036772715,93702.0,332266.0,0.21997427036772715,93681.6,332065.3,0.2200405921922156,95142.85,351856.55,0.21284782485166648,94425.76,357613.2,0.20888854358925166,,,,,,,,,,,,,,,,0.0,0.0,1.0,0.0,75.0,819.0,0.08389261744966443,7438.0,100336.0,0.06901479020914135,22304.0,289447.0,0.0715442773238899,,,,,,,,,,,,,,,
32,0.25,46,483,46,273827,331783,14300,93656,3.0733169068879915,0.22013966749639785,93656.0,331783.0,0.22013966749639785,93674.1,331983.5,0.22006913538017414,94770.95,346842.05,0.21460181199375924,93979.64,351823.94,0.21080952288449545,,,,,,,,,,,,,,,,0.08695652173913043,46.0,483.0,0.08695652173913043,75.0,818.0,0.083986562150056,7438.0,100290.0,0.06904425961681271,22306.0,289463.0,0.0715465617171688,,,,,,,,,,,,,,,
33,0.2571,0,1,0,273828,331782,14300,93656,3.073307643854904,0.22014018493881599,93656.0,331782.0,0.22014018493881599,93665.8,331895.5,0.22009943103378998,94399.1,341828.8,0.21639858431796774,93533.62,346037.08,0.21278401858904608,,,,,,,,,,,,,,,,0.0,0.0,1.0,0.0,83.0,880.0,0.08618899273104881,7437.0,100265.0,0.0690516424950326,22301.0,289343.0,0.07155921500173275,,,,,,,,,,,,,,,
34,0.26,3,10,3,273838,331772,14303,93653,3.0732150135240284,0.22013986013986014,93653.0,331772.0,0.22013986013986014,93657.7,331813.4,0.22012705445798783,93528.6,332263.15,0.21965808402816636,92848.62,338709.44,0.21514745895372686,,,,,,,,,,,,,,,,0.23076923076923078,3.0,10.0,0.23076923076923078,81.0,821.0,0.08980044345898004,17410.0,191313.0,0.08341198622097229,34250.0,366382.0,0.08548992591705105,,,,,,,,,,,,,,,
35,0.2667,22,234,22,274072,331538,14325,93631,3.071047463781541,0.22022066519431097,93631.0,331538.0,0.22022066519431097,93649.5,331730.1,0.22015512732627518,92658.05,322697.2,0.2230814465448553,92163.62,331382.0,0.21760021978270014,,,,,,,,,,,,,,,,0.0859375,22.0,234.0,0.0859375,82.0,833.0,0.08961748633879782,17411.0,191319.0,0.08341397978249412,34250.0,366372.0,0.08549205984693801,,,,,,,,,,,,,,,
36,0.27,0,1,0,274073,331537,14325,93631,3.071038200748453,0.22022118315583486,93631.0,331537.0,0.22022118315583486,93641.3,331646.8,0.22018321227422072,92154.8,318097.3,0.22462968501562822,91478.5,324054.38,0.22014744055873509,,,,,,,,,,,,,,,,0.0,0.0,1.0,0.0,82.0,833.0,0.08961748633879782,10065.0,91998.0,0.09861556097704359,34256.0,366381.0,0.08550383514253551,,,,,,,,,,,,,,,
37,0.275,8,68,8,274141,331469,14333,93623,3.0704083144984993,0.22024173590658022,93623.0,331469.0,0.22024173590658022,93633.1,331563.4,0.22021136110010314,91651.0,313494.1,0.22621771804718854,90793.36,316726.48,0.22279494416762632,,,,,,,,,,,,,,,,0.10526315789473684,8.0,68.0,0.10526315789473684,82.0,834.0,0.08951965065502183,10076.0,92064.0,0.09864891325631486,34257.0,366395.0,0.08550312989826582,,,,,,,,,,,,,,,
38,0.28,2,19,2,274160,331450,14335,93621,3.070232316869836,0.2202479115253687,93621.0,331450.0,0.2202479115253687,93629.4,331528.3,0.22022275499185362,91147.2,308891.15,0.2278461552498654,90202.66,311323.94,0.224649276038001,,,,,,,,,,,,,,,,0.09523809523809523,2.0,19.0,0.09523809523809523,37.0,351.0,0.09536082474226804,10076.0,92059.0,0.09865374259558428,29535.0,270127.0,0.09856104544453417,,,,,,,,,,,,,,,
39,0.2833,1,13,1,274173,331437,14336,93620,3.0701118974396975,0.22025281315211842,93620.0,331437.0,0.22025281315211842,92628.1,322387.6,0.2231917973223664,90643.55,304292.05,0.2295147613940096,89611.96,305921.52,0.22655973395728726,,,,,,,,,,,,,,,,0.07142857142857142,1.0,13.0,0.07142857142857142,10013.0,91407.0,0.09872806152632617,10073.0,91982.0,0.09870168046641517,29535.0,270121.0,0.0985630189283712,,,,,,,,,,,,,,,
40,0.2857,0,3,0,274176,331434,14336,93620,3.070084108340435,0.2202543676803418,93620.0,331434.0,0.2202543676803418,91627.0,313247.2,0.2263098019088398,90136.75,299668.7,0.23123522259629772,89021.14,300518.86,0.22852888021769266,,,,,,,,,,,,,,,,0.0,0.0,3.0,0.0,10011.0,91404.0,0.09871320810530987,10136.0,92467.0,0.09878853444831048,29541.0,270133.0,0.09857712047091173,,,,,,,,,,,,,,,
41,0.2875,0,2,0,274178,331432,14336,93620,3.07006558227426,0.22025540404468158,93620.0,331432.0,0.22025540404468158,90628.0,304129.3,0.22957903501721186,89629.85,295044.75,0.2330017370525634,88430.3,295116.22,0.2305595159617144,,,,,,,,,,,,,,,,0.0,0.0,2.0,0.0,9990.0,91179.0,0.09874566319722444,10138.0,92479.0,0.09879454671253302,29542.0,270132.0,0.0985804574304077,,,,,,,,,,,,,,,
42,0.2917,1,0,1,274178,331432,14337,93619,3.07006558227426,0.2202535695716514,93619.0,331432.0,0.2202535695716514,89627.9,295004.7,0.23302210993035952,89121.45,290407.35,0.23482131000335152,87839.44,289713.54,0.23265460651376665,,,,,,,,,,,,,,,,1.0,1.0,0.0,1.0,10001.0,91246.0,0.09877823540450581,10168.0,92748.0,0.09879902056045707,29543.0,270134.0,0.09858280748939692,,,,,,,,,,,,,,,
43,0.3,9976,91057,9976,365235,240375,24313,83643,2.226601578420838,0.25814306612595594,83643.0,240375.0,0.25814306612595594,88628.6,285886.8,0.2366487466202992,88615.35,285793.95,0.23668041899600248,87249.0,284317.9,0.2348137038040794,,,,,,,,,,,,,,,,0.09874001563845476,9976.0,91057.0,0.09874001563845476,9993.0,91179.0,0.09877238761712727,10122.0,92268.0,0.09885731028420744,29522.0,269782.0,0.09863550102905408,,,,,,,,,,,,,,,
44,0.3167,1,7,1,365242,240368,24314,83642,2.226536737189225,0.2581463535076078,83642.0,240368.0,0.2581463535076078,87629.4,276770.7,0.2404757847212446,88109.25,281180.55,0.23859107400204393,86656.74,278912.92,0.2370457657782651,,,,,,,,,,,,,,,,0.125,1.0,7.0,0.125,9992.0,91161.0,0.09878105444228051,10122.0,92268.0,0.09885731028420744,29613.0,270249.0,0.09875542749664847,,,,,,,,,,,,,,,
45,0.325,1,9,1,365251,240359,24315,83641,2.2264533698914373,0.25815123456790123,83641.0,240359.0,0.25815123456790123,86624.0,267607.3,0.24454078451000802,87602.65,276563.25,0.24055698240829246,86064.48,273508.06,0.2393522041477361,,,,,,,,,,,,,,,,0.1,1.0,9.0,0.1,10054.0,91634.0,0.09887105656517976,10132.0,92346.0,0.09887000136614688,29613.0,270243.0,0.09875740355370578,,,,,,,,,,,,,,,
46,0.3333,11,68,11,365319,240291,24326,83630,2.2258234836414834,0.25818023530428713,83630.0,240291.0,0.25818023530428713,85618.4,258442.7,0.2488464984852981,87096.95,271956.15,0.24257400924821423,85472.38,268106.9,0.24173469667113978,,,,,,,,,,,,,,,,0.13924050632911392,11.0,68.0,0.13924050632911392,10056.0,91646.0,0.0988771115612279,10114.0,92142.0,0.09890862149898294,29605.0,270058.0,0.09879431227745834,,,,,,,,,,,,,,,
47,0.34,0,1,0,365320,240290,24326,83630,2.225814220608396,0.25818103235366757,83630.0,240290.0,0.25818103235366757,84609.8,249251.3,0.2534281472145153,86591.15,267348.1,0.2446497527471169,84879.6,262702.12,0.24420041422201377,,,,,,,,,,,,,,,,0.0,0.0,1.0,0.0,10086.0,91914.0,0.09888235294117648,10116.0,92161.0,0.09890786784907653,29639.0,270239.0,0.0988368603231981,,,,,,,,,,,,,,,
48,0.3417,1,1,1,365321,240289,24327,83629,2.2258049575753085,0.25817953926611054,83629.0,240289.0,0.25817953926611054,83601.3,240059.6,0.258299040755309,86085.7,262743.3,0.24678481433596403,84286.38,257296.24,0.24675254262058183,,,,,,,,,,,,,,,,0.5,1.0,1.0,0.5,10085.0,91917.0,0.09887061038018863,10109.0,92096.0,0.09890905532997407,29661.0,270294.0,0.09888483272490874,,,,,,,,,,,,,,,
49,0.35,63,486,63,365807,239803,24390,83566,2.2213031234947573,0.25842303993270843,83566.0,239803.0,0.25842303993270843,83590.4,239973.5,0.25834278793153376,84982.85,254285.9,0.25048829283569446,83693.06,251890.22,0.2493957982650387,,,,,,,,,,,,,,,,0.11475409836065574,63.0,486.0,0.11475409836065574,109.0,861.0,0.11237113402061856,22057.0,169148.0,0.11535786198059673,29666.0,270301.0,0.0988975453966603,,,,,,,,,,,,,,,
50,0.36,2,15,2,365822,239788,24392,83564,2.221164177998444,0.2584304411291719,83564.0,239788.0,0.2584304411291719,83578.3,239879.3,0.2583902805189923,83880.05,245829.05,0.2544062326456868,83099.7,246483.84,0.25213546768749434,82258.98,269921.91,0.2335702541952234,,,,,,,,,,,,,0.11764705882352941,2.0,15.0,0.11764705882352941,121.0,942.0,0.11382878645343368,22056.0,169137.0,0.11535987196183961,29668.0,270319.0,0.09889761889681886,50215.0,505037.0,0.09043641445685922,,,,,,,,,,,,
51,0.3667,30,270,30,366092,239518,24422,83534,2.2186631590648043,0.25857756645988883,83534.0,239518.0,0.25857756645988883,83565.9,239783.0,0.2584387947508094,82776.9,237371.65,0.258557785128185,82653.28,243064.02,0.25375772180353945,81639.72,265207.53,0.23537658147786958,,,,,,,,,,,,,0.1,30.0,270.0,0.1,124.0,963.0,0.1140754369825207,22063.0,169148.0,0.11538562112012385,22321.0,170991.0,0.11546618937262043,61926.0,471438.0,0.11610457398699575,,,,,,,,,,,,
52,0.3714,0,3,0,366095,239515,24422,83534,2.2186353699655417,0.2585799677448313,83534.0,239515.0,0.2585799677448313,83554.4,239691.5,0.25848556779838505,81673.7,228913.6,0.2629653562782509,82206.84,239644.24,0.25541887260406276,81020.45,260493.16,0.2372393006533473,,,,,,,,,,,,,0.0,0.0,3.0,0.0,115.0,915.0,0.11165048543689321,22064.0,169161.0,0.11538240292848738,22322.0,170989.0,0.11547195969189544,61927.0,471437.0,0.11610644887918944,,,,,,,,,,,,
53,0.3733,0,1,0,366096,239514,24422,83534,2.218626106932454,0.25858076818305636,83534.0,239514.0,0.25858076818305636,83542.8,239599.8,0.25853230121933785,80570.55,220455.4,0.267653170764846,81760.4,236224.54,0.2571203529324376,80401.18,255778.79,0.2391611255126235,,,,,,,,,,,,,0.0,0.0,1.0,0.0,116.0,917.0,0.1122942884801549,22063.0,169164.0,0.11537596678293337,22322.0,170985.0,0.11547434909237637,61927.0,471437.0,0.11610644887918944,,,,,,,,,,,,
54,0.375,13,88,13,366184,239426,24435,83521,2.217810960020749,0.25862138369453813,83521.0,239426.0,0.25862138369453813,82336.3,231801.1,0.26210282506953964,79966.2,216550.0,0.26968577096293556,81045.58,231605.22,0.259220766426953,79781.93,251064.62,0.24114481471848503,,,,,,,,,,,,,0.12871287128712872,13.0,88.0,0.12871287128712872,12065.0,77987.0,0.13397814596011193,12087.0,78108.0,0.13400964576750374,35741.0,230966.0,0.1340084812172159,61925.0,471417.0,0.11610748825331588,,,,,,,,,,,,
55,0.38,4,30,4,366214,239396,24439,83517,2.2175330690281227,0.25863622709522377,83517.0,239396.0,0.25863622709522377,81136.1,224050.8,0.26585708626418764,79361.55,212641.85,0.27178296554081216,80330.76,226985.9,0.26139409428698074,79162.62,246350.34,0.2431934507308096,,,,,,,,,,,,,0.11764705882352941,4.0,30.0,0.11764705882352941,12002.0,77503.0,0.13409306742640076,12093.0,78163.0,0.1339855522070555,35741.0,230966.0,0.1340084812172159,61931.0,471428.0,0.11611503696384612,,,,,,,,,,,,
56,0.3833,2,20,2,366234,239376,24441,83515,2.2173478083663714,0.25864765509103693,83515.0,239376.0,0.25864765509103693,79935.4,216300.6,0.2698368868064651,78756.9,208734.0,0.2739457144556575,79615.94,222366.58,0.26364420033318486,78543.35,241637.87,0.24530904717022445,,,,,,,,,,,,,0.09090909090909091,2.0,20.0,0.09090909090909091,12007.0,77502.0,0.13414293534728353,12093.0,78157.0,0.13399445983379502,35741.0,230966.0,0.1340084812172159,61927.0,471247.0,0.11614782416246854,,,,,,,,,,,,
57,0.3857,1,3,1,366237,239373,24442,83514,2.2173200192671088,0.25864776222021946,83514.0,239373.0,0.25864776222021946,78737.6,208575.9,0.2740476865862551,78152.75,204829.4,0.27617554676151834,78900.96,217747.14,0.2659749379820737,77924.01,236925.38,0.2474961441087753,,,,,,,,,,,,,0.25,1.0,3.0,0.25,11978.0,77247.0,0.13424488652283553,12083.0,78092.0,0.1339950097033546,35749.0,230972.0,0.13403144109387713,61934.0,471249.0,0.11615899231595907,,,,,,,,,,,,
58,0.4,11950,77071,11950,443308,162302,36392,71564,1.50340879617622,0.3060042930567077,71564.0,162302.0,0.3060042930567077,77539.8,200851.2,0.2785284007026089,77548.6,200924.8,0.2784775852918088,78186.9,213137.34,0.26838446399105,77304.73,232214.11,0.24975775303370873,,,,,,,,,,,,,0.1342379887891621,11950.0,77071.0,0.1342379887891621,11978.0,77247.0,0.13424488652283553,12083.0,78092.0,0.1339950097033546,35703.0,230490.0,0.13412448862291645,61928.0,471127.0,0.11617562915646604,,,,,,,,,,,,
59,0.41,0,2,0,443310,162300,36392,71564,1.5033902701100448,0.3060069099989738,71564.0,162300.0,0.3060069099989738,76342.0,193126.5,0.2833058409424478,76939.95,196996.85,0.2808675212676793,77472.78,208527.42,0.27088365672471554,76685.27,227502.84,0.25209818358778063,,,,,,,,,,,,,0.0,0.0,2.0,0.0,11978.0,77247.0,0.13424488652283553,12173.0,78559.0,0.1341643521580038,35706.0,230496.0,0.13413122365722271,61946.0,471127.0,0.11620547279640875,,,,,,,,,,,,
60,0.4167,7,14,7,443324,162286,36399,71557,1.503260587646819,0.3060044559811497,71557.0,162286.0,0.3060044559811497,75144.8,185404.4,0.2884092524559661,76334.45,193093.15,0.28332082533489517,76758.72,203917.68,0.2734776418680017,76065.8,222791.67,0.25452199672305326,,,,,,,,,,,,,0.3333333333333333,7.0,14.0,0.3333333333333333,11972.0,77221.0,0.13422578005000393,12110.0,78074.0,0.13428102545906148,35703.0,230487.0,0.1341260002254029,61947.0,471117.0,0.11620931070190446,,,,,,,,,,,,
61,0.425,1,15,1,443339,162271,36400,71556,1.5031216421505058,0.30602111817711386,71556.0,162271.0,0.30602111817711386,73947.9,177685.0,0.29387214469967954,75728.9,189189.35,0.28585761834075224,76044.94,199311.78,0.27616881839673285,75446.33,218080.53,0.2570338196647489,,,,,,,,,,,,,0.0625,1.0,15.0,0.0625,11969.0,77194.0,0.13423729573926405,12111.0,78076.0,0.13428764677836053,35689.0,230295.0,0.1341772437439846,61947.0,471114.0,0.1162099647132317,,,,,,,,,,,,
62,0.4267,0,3,0,443342,162268,36400,71556,1.503093853051243,0.3060250444778979,71556.0,162268.0,0.3060250444778979,72751.1,169967.3,0.2997345895490412,75123.15,185287.6,0.2884794502531097,75331.14,194705.84,0.27896601421035,74826.85,213369.38,0.259638545584028,,,,,,,,,,,,,0.0,0.0,3.0,0.0,11968.0,77177.0,0.1342531830164339,12115.0,78035.0,0.1343871325568497,35690.0,230297.0,0.13417948997507398,61948.0,471115.0,0.11621140465573487,,,,,,,,,,,,
63,0.43,0,1,0,443343,162267,36400,71556,1.5030845900181555,0.30602635326721495,71556.0,162267.0,0.30602635326721495,71554.4,162249.8,0.30604411725708947,74516.2,181382.0,0.2911947016430752,74617.46,190101.18,0.28187459711941704,74253.47,209618.31,0.2615739754053749,,,,,,,,,,,,,0.0,0.0,1.0,0.0,11967.0,77175.0,0.13424648313926096,12139.0,78112.0,0.13450266479041784,35684.0,230233.0,0.1341922479570693,57338.0,375107.0,0.13259027159523176,,,,,,,,,,,,
64,0.4333,7,62,7,443405,162205,36407,71549,1.502510281966727,0.30608674076165543,71549.0,162205.0,0.30608674076165543,71543.6,162192.6,0.30608694759305577,73908.85,177475.65,0.2940071881917939,73901.78,185489.58,0.2849045550322108,73680.09,205867.29,0.2635692382450517,,,,,,,,,,,,,0.10144927536231885,7.0,62.0,0.10144927536231885,108.0,572.0,0.1588235294117647,12147.0,78127.0,0.1345570153089483,35784.0,230580.0,0.13434247871333965,57338.0,375102.0,0.13259180464341874,,,,,,,,,,,,
65,0.44,1,3,1,443408,162202,36408,71548,1.5024824928674645,0.30608770053475937,71548.0,162202.0,0.30608770053475937,71532.8,162135.5,0.3061296718468017,73302.05,173572.75,0.29691993674526523,73186.12,180878.22,0.28806136272410365,73106.7,202116.77,0.2656266923747455,,,,,,,,,,,,,0.25,1.0,3.0,0.25,108.0,571.0,0.15905743740795286,12136.0,78058.0,0.13455440494933144,35783.0,230568.0,0.13434528122665204,57339.0,375052.0,0.13260914311352456,,,,,,,,,,,,
66,0.4417,1,3,1,443411,162199,36409,71547,1.502454703768202,0.3060886603407117,71547.0,162199.0,0.3060886603407117,71522.4,162078.1,0.3061740021960569,72695.45,169671.25,0.29993992574062356,72470.46,176266.9,0.2913533375123062,72533.29,198366.2,0.2677498211606083,,,,,,,,,,,,,0.25,1.0,3.0,0.25,104.0,574.0,0.15339233038348082,12132.0,78030.0,0.13455779596725895,35783.0,230566.0,0.13434629001798393,57341.0,375057.0,0.13261162170037788,,,,,,,,,,,,
67,0.4467,0,1,0,443412,162198,36409,71547,1.5024454407351142,0.30608996983892706,71547.0,162198.0,0.30608996983892706,71508.7,161999.3,0.30623661716086814,72088.9,165770.75,0.30307326190045264,71754.76,171655.3,0.2947896237320676,71959.25,194614.19,0.26994155906905054,,,,,,,,,,,,,0.0,0.0,1.0,0.0,137.0,788.0,0.14810810810810812,12131.0,78010.0,0.13457804994397665,35785.0,230580.0,0.13434572860548497,57404.0,375201.0,0.1326937968816819,,,,,,,,,,,,
68,0.45,91,468,91,443880,161730,36500,71456,1.4981103412501389,0.30643349086137245,71456.0,161730.0,0.30643349086137245,71492.6,161912.8,0.3063022535039892,71482.4,161870.3,0.30632771765657735,71039.08,167043.66,0.2983797985523856,71385.42,190865.68,0.2722025570150135,,,,,,,,,,,,,0.16279069767441862,91.0,468.0,0.16279069767441862,161.0,865.0,0.15692007797270954,12130.0,78009.0,0.13456994197849986,35784.0,230582.0,0.13434147000743338,57383.0,374851.0,0.13275910733537852,,,,,,,,,,,,
69,0.455,0,1,0,443881,161729,36500,71456,1.4981010782170514,0.3064348049831679,71456.0,161729.0,0.3064348049831679,71475.7,161824.8,0.3063675388608254,70802.25,158820.45,0.3083416839885603,70521.82,164249.46,0.30038520895741594,70811.59,187117.17,0.27453933403936803,,,,,,,,,,,,,0.0,0.0,1.0,0.0,169.0,880.0,0.16110581506196378,13603.0,60997.0,0.18234584450402144,25863.0,139710.0,0.15620300411298943,57383.0,374851.0,0.13275910733537852,,,,,,,,,,,,
70,0.46,3,17,3,443898,161712,36503,71453,1.497943606654563,0.3064482233611391,71453.0,161712.0,0.3064482233611391,71459.3,161741.1,0.30642871967629554,70122.1,155770.65,0.31042209189980646,70004.58,161455.38,0.3024479050285846,70237.52,183368.23,0.2769555501008948,,,,,,,,,,,,,0.15,3.0,17.0,0.15,164.0,837.0,0.16383616383616384,13603.0,60996.0,0.18234828885105697,25862.0,139704.0,0.15620356836548566,57407.0,374894.0,0.13279404859114366,,,,,,,,,,,,
71,0.4667,34,229,34,444127,161483,36537,71419,1.495822372077513,0.30664828983864456,71419.0,161483.0,0.30664828983864456,71443.0,161657.5,0.3064901190688137,69442.3,152721.4,0.31257266601159417,69486.88,158660.18,0.30457056952651507,69663.51,179621.16,0.2794536463072519,,,,,,,,,,,,,0.12927756653992395,34.0,229.0,0.12927756653992395,163.0,836.0,0.16316316316316315,13596.0,60985.0,0.18229844062160605,25885.0,139760.0,0.15626792236409187,57401.0,374707.0,0.1328394753163561,,,,,,,,,,,,
72,0.475,24,80,24,444207,161403,36561,71395,1.4950813294305088,0.30668218799130575,71395.0,161403.0,0.30668218799130575,71426.7,161574.2,0.3065511764117649,68762.15,149672.55,0.31479499365256525,68969.26,155866.0,0.3067546433775556,69089.45,175874.41,0.2820393587854143,,,,,,,,,,,,,0.23076923076923078,24.0,80.0,0.23076923076923078,163.0,833.0,0.1636546184738956,13603.0,60977.0,0.18239474389916868,25881.0,139709.0,0.15629567002838335,57406.0,374675.0,0.13285934813148462,,,,,,,,,,,,
73,0.48,8,16,8,444223,161387,36569,71387,1.4949331209011079,0.30667944014365867,71387.0,161387.0,0.30667944014365867,71410.4,161490.8,0.3066124176260148,68082.0,146623.8,0.3170943682005796,68451.5,153071.68,0.309003780101026,68515.4,172127.91,0.2847176595102519,,,,,,,,,,,,,0.3333333333333333,8.0,16.0,0.3333333333333333,163.0,834.0,0.16349047141424272,13603.0,60975.0,0.1823996352811821,25888.0,139716.0,0.15632472645588272,57405.0,374650.0,0.13286502875791276,,,,,,,,,,,,
74,0.4833,2,19,2,444242,161368,36571,71385,1.4947571232724444,0.306698517312344,71385.0,161368.0,0.306698517312344,70060.9,155448.3,0.31067867741094374,67401.7,143574.75,0.3194749935360084,67933.74,150277.38,0.3113211645675986,67941.34,168381.46,0.2874938008520549,,,,,,,,,,,,,0.09523809523809523,2.0,19.0,0.09523809523809523,13495.0,60425.0,0.18256222943722944,13606.0,60981.0,0.1824178476141955,25888.0,139715.0,0.15632567042867582,57406.0,374645.0,0.1328685733860123,,,,,,,,,,,,
75,0.4857,0,2,0,444244,161366,36571,71385,1.4947385972062692,0.30670115273403764,71385.0,161366.0,0.30670115273403764,68711.4,149405.8,0.31502054858580614,66721.75,140528.75,0.32193770340722944,67417.24,147492.78,0.3136998451724122,67367.27,164635.02,0.29037329760839864,,,,,,,,,,,,,0.0,0.0,2.0,0.0,13495.0,60425.0,0.18256222943722944,13599.0,60920.0,0.1824903715830862,25825.0,139230.0,0.15646299718275727,57407.0,374644.0,0.13287088792758261,,,,,,,,,,,,
76,0.4875,1,0,1,444244,161366,36572,71384,1.4947385972062692,0.30669817400644467,71384.0,161366.0,0.30669817400644467,67362.2,143364.7,0.3196658803408582,66041.45,137480.8,0.3244925309149245,66623.98,143849.32,0.3165436185967531,66730.0,161603.75,0.29224764188386515,,,,,,,,,,,,,1.0,1.0,0.0,1.0,13492.0,60411.0,0.18256363070511347,13606.0,60959.0,0.18247166901361228,39663.0,182173.0,0.17879424439676156,63727.0,303127.0,0.17371215797020068,,,,,,,,,,,,
77,0.4917,0,2,0,444246,161364,36572,71384,1.494720071140094,0.30670080945915756,71384.0,161364.0,0.30670080945915756,66015.6,137345.8,0.32462207675596255,65361.15,134432.85,0.32714270698819786,65831.3,140211.26,0.31950340745135375,66092.7,158572.49,0.29418309084731814,,,,,,,,,,,,,0.0,0.0,2.0,0.0,13466.0,60189.0,0.18282533432896614,13606.0,60959.0,0.18247166901361228,39634.0,181903.0,0.17890465249597132,63730.0,303126.0,0.17371938853392066,,,,,,,,,,,,
78,0.5,13423,60059,13423,504305,101305,49995,57961,0.9383915669346771,0.3639257594213454,57961.0,101305.0,0.3639257594213454,64671.4,131334.8,0.3299456853915846,64680.75,131384.75,0.3298935814816987,65038.62,136573.18,0.3225933204306494,65455.39,155541.28,0.29618269813748777,,,,,,,,,,,,,0.18267058599384883,13423.0,60059.0,0.18267058599384883,13442.0,60110.0,0.18275505764629105,13608.0,60962.0,0.18248625452594877,39634.0,181904.0,0.17890384493856584,63731.0,303121.0,0.17372400859202075,,,,,,,,,,,,
79,0.5048,0,1,0,504306,101304,49995,57961,0.9383823039015895,0.3639280444542115,57961.0,101304.0,0.3639280444542115,63327.7,125324.7,0.3356845712007904,63999.8,128341.75,0.33274037772909704,64245.94,132935.1,0.32582209729698147,64818.12,152510.83,0.29824889873162325,,,,,,,,,,,,,0.0,0.0,1.0,0.0,13437.0,60101.0,0.18272185808697544,13619.0,60860.0,0.18285691268679763,39634.0,181904.0,0.17890384493856584,63727.0,303045.0,0.17375099516866063,,,,,,,,,,,,
80,0.5083,0,3,0,504309,101301,49995,57961,0.9383545148023269,0.3639348997249815,57961.0,101301.0,0.3639348997249815,61984.2,119316.4,0.3418863478664715,63318.85,125298.75,0.3356995847683355,63453.4,129298.54,0.3291972054859733,64180.8,149480.24,0.3003860694490676,,,,,,,,,,,,,0.0,0.0,3.0,0.0,13435.0,60083.0,0.18274436192497076,13619.0,60860.0,0.18285691268679763,39627.0,181828.0,0.17893928789144523,63732.0,303059.0,0.1737556265011955,,,,,,,,,,,,
81,0.5167,8,7,8,504316,101294,50003,57953,0.938289673570714,0.36391894352797854,57953.0,101294.0,0.36391894352797854,60639.9,113304.1,0.3486173711079428,62638.05,122256.55,0.33877706541997443,62660.94,125662.54,0.33273036373372034,63543.47,146449.68,0.3025978228337448,,,,,,,,,,,,,0.5333333333333333,8.0,7.0,0.5333333333333333,13443.0,60123.0,0.18273387162547916,13616.0,60844.0,0.18286328229922105,39623.0,181800.0,0.17894708318467367,63733.0,303056.0,0.17375930030617057,,,,,,,,,,,,
82,0.52,0,1,0,504317,101293,50003,57953,0.9382804105376265,0.36392122879067607,57953.0,101293.0,0.36392122879067607,59295.6,107291.5,0.35594352743999985,61958.85,119225.0,0.3419667371015684,61868.38,122026.82,0.3364328160822033,62906.14,143419.12,0.30488821388132503,,,,,,,,,,,,,0.0,0.0,1.0,0.0,13443.0,60126.0,0.18272642009542062,13584.0,60631.0,0.18303577443912955,39628.0,181786.0,0.17897693912760712,63733.0,303056.0,0.17375930030617057,,,,,,,,,,,,
83,0.525,3,7,3,504324,101286,50006,57950,0.9382155693060136,0.3639252430354945,57950.0,101286.0,0.3639252430354945,57951.1,101278.7,0.3639463216056291,61280.85,116197.35,0.3452866323864001,61075.84,118391.14,0.34031797938540004,62269.23,140393.33,0.30725571610266844,,,,,,,,,,,,,0.3,3.0,7.0,0.3,13445.0,60128.0,0.18274366955268917,13560.0,60553.0,0.1829638524955136,39627.0,181784.0,0.17897484768146119,63691.0,302579.0,0.17389084555109618,,,,,,,,,,,,
84,0.5267,0,1,0,504325,101285,50006,57950,0.938206306272926,0.36392752849561966,57950.0,101285.0,0.36392752849561966,57938.7,101235.2,0.3639962330507703,60600.5,113161.25,0.34875627115864105,60521.92,116296.24,0.3422833944205731,61632.32,137367.53,0.3097103842038072,,,,,,,,,,,,,0.0,0.0,1.0,0.0,124.0,435.0,0.22182468694096602,13607.0,60722.0,0.18306448357976027,27696.0,104745.0,0.20911953247106257,63691.0,302580.0,0.17389037079102632,,,,,,,,,,,,
85,0.5333,8,42,8,504367,101243,50014,57942,0.9378172588832487,0.363991582121431,57942.0,101243.0,0.363991582121431,57926.3,101191.7,0.36404617956485125,59920.25,110126.05,0.35237608815951893,59967.98,114201.34,0.34430851541477,60995.44,134341.81,0.3122570835823685,,,,,,,,,,,,,0.16,8.0,42.0,0.16,124.0,435.0,0.22182468694096602,13605.0,60704.0,0.18308684008666515,27697.0,104745.0,0.20912550399420124,63688.0,302572.0,0.17388740239174358,,,,,,,,,,,,
86,0.54,1,3,1,504370,101240,50015,57941,0.937789469783986,0.3639944465733976,57941.0,101240.0,0.3639944465733976,57913.9,101148.4,0.364095703381631,59238.8,107087.7,0.3561597219925869,59414.16,112106.68,0.34639615804120366,60358.64,131318.16,0.3148979949581796,,,,,,,,,,,,,0.25,1.0,3.0,0.25,124.0,433.0,0.22262118491921004,13629.0,60767.0,0.18319533308242378,27691.0,104733.0,0.20910862079381382,63680.0,302365.0,0.17396768156920597,,,,,,,,,,,,
87,0.5417,2,4,2,504374,101236,50017,57939,0.9377524176516359,0.36399560232448563,57939.0,101236.0,0.36399560232448563,57902.1,101104.2,0.36414972236949106,58557.05,104048.5,0.3601171669724681,58860.34,110012.28,0.34854874638647754,59721.84,128294.47,0.3176418045859957,,,,,,,,,,,,,0.3333333333333333,2.0,4.0,0.3333333333333333,118.0,442.0,0.21071428571428572,13635.0,60784.0,0.18321933914726077,27691.0,104720.0,0.20912915090136017,63680.0,302369.0,0.1739657805375783,,,,,,,,,,,,
88,0.55,102,366,102,504740,100870,50119,57837,0.934362147541591,0.36442626979276277,57837.0,100870.0,0.36442626979276277,57890.3,101059.9,0.36420400855110596,57874.95,101009.0,0.3642592596671973,58304.28,107912.68,0.3507721474391061,59085.12,125271.45,0.3204937041299911,,,,,,,,,,,,,0.21794871794871795,102.0,366.0,0.21794871794871795,118.0,443.0,0.2103386809269162,13642.0,60790.0,0.18328138435081684,27803.0,104980.0,0.20938674378497246,63672.0,302302.0,0.17397957231934508,,,,,,,,,,,,
89,0.555,0,1,0,504741,100869,50119,57837,0.9343528845085035,0.3644285660277494,57837.0,100869.0,0.3644285660277494,57873.3,100997.8,0.36427833633681644,57863.95,100972.45,0.36429905235827553,57748.22,105813.06,0.3530677920837988,58448.4,122248.61,0.32346080325291493,,,,,,,,,,,,,0.0,0.0,1.0,0.0,170.0,621.0,0.21491782553729458,220.0,731.0,0.231335436382755,27803.0,104981.0,0.20938516688757683,63672.0,302284.0,0.17398812972051284,,,,,,,,,,,,
90,0.5571,0,1,0,504742,100868,50119,57837,0.9343436214754159,0.3644308622916732,57837.0,100868.0,0.3644308622916732,57856.3,100935.7,0.36435273817320774,57852.95,100935.9,0.3643388688815367,57192.26,103714.68,0.35543687550083297,57810.66,119224.18,0.3265496215321233,,,,,,,,,,,,,0.0,0.0,1.0,0.0,170.0,621.0,0.21491782553729458,220.0,731.0,0.231335436382755,27798.0,104919.0,0.20945319740500462,63774.0,302443.0,0.17414265312642505,,,,,,,,,,,,
91,0.56,2,16,2,504758,100852,50121,57835,0.934195412946015,0.3644595965643058,57835.0,100852.0,0.3644595965643058,57837.7,100871.3,0.36442608799753007,57149.95,98751.6,0.3665771764296122,56636.28,101616.18,0.35788562149365644,57172.92,116199.77,0.3297688926670054,,,,,,,,,,,,,0.1111111111111111,2.0,16.0,0.1111111111111111,186.0,644.0,0.22409638554216868,14060.0,43686.0,0.24348006788348978,27799.0,104925.0,0.20944968506072753,63774.0,302441.0,0.1741436041669511,,,,,,,,,,,,
92,0.5633,0,2,0,504760,100850,50121,57835,0.9341768868798399,0.36446419006207265,57835.0,100850.0,0.36446419006207265,57818.5,100805.5,0.3645003278192455,56447.3,96567.65,0.3689005551418342,56079.06,99514.84,0.3604193994751722,56535.18,113175.37,0.3331270801962518,,,,,,,,,,,,,0.0,0.0,2.0,0.0,192.0,658.0,0.22588235294117648,14053.0,43679.0,0.2434178618443844,27861.0,105067.0,0.20959466779008185,63774.0,302440.0,0.17414407969110957,,,,,,,,,,,,
93,0.5667,55,185,55,504945,100665,50176,57780,0.9324632257586424,0.3646691280886112,57780.0,100665.0,0.3646691280886112,57798.8,100739.3,0.3645735630741128,55744.65,94383.55,0.37131365059995386,55521.84,97413.46,0.3630413645508918,55897.44,110150.96,0.3366334153174616,,,,,,,,,,,,,0.22916666666666666,55.0,185.0,0.22916666666666666,197.0,662.0,0.22933643771827705,14053.0,43682.0,0.24340521347536156,27861.0,105069.0,0.20959151433085083,63774.0,302441.0,0.1741436041669511,,,,,,,,,,,,
94,0.5714,0,1,0,504946,100664,50176,57780,0.9324539627255548,0.3646714296533791,57780.0,100664.0,0.3646714296533791,57789.2,100709.7,0.3646031612837692,55042.15,92199.75,0.3738212424588382,54966.44,95321.42,0.36574105187205413,55359.41,108037.09,0.3388041359515045,,,,,,,,,,,,,0.0,0.0,1.0,0.0,96.0,296.0,0.24489795918367346,14050.0,43676.0,0.24339119287669334,27770.0,104602.0,0.2097875683679328,53803.0,211387.0,0.2028847241600362,,,,,,,,,,,,
95,0.575,24,65,24,505011,100599,50200,57756,0.9318518655748639,0.3647248271289192,57756.0,100599.0,0.3647248271289192,57779.6,100680.1,0.36463277413752515,54339.35,90015.4,0.37642924808501277,54410.56,93228.4,0.36853795231285835,54820.84,105922.51,0.3410457726556029,,,,,,,,,,,,,0.2696629213483146,24.0,65.0,0.2696629213483146,96.0,296.0,0.24489795918367346,14056.0,43687.0,0.24342344526609286,27794.0,104651.0,0.20985314658915022,53857.0,211458.0,0.20299266909145733,,,,,,,,,,,,
96,0.58,7,17,7,505028,100582,50207,57749,0.9316943940123754,0.3647359013711781,57749.0,100582.0,0.3647359013711781,56386.0,96354.8,0.36916135047086307,53636.95,87833.05,0.3791401003746377,53854.64,91135.42,0.37143677297602334,54282.28,103808.01,0.34336251771060705,,,,,,,,,,,,,0.2916666666666667,7.0,17.0,0.2916666666666667,13936.0,43253.0,0.2436832257951704,14048.0,43647.0,0.2434873039258168,27796.0,104649.0,0.2098682471969497,53856.0,211450.0,0.20299578599805507,,,,,,,,,,,,
97,0.5833,7,8,7,505036,100574,50214,57742,0.931620289747675,0.36472624371510143,57742.0,100574.0,0.36472624371510143,54992.5,92031.1,0.37403858972301046,52934.25,85650.55,0.38196288481853713,53299.3,89046.7,0.37443482781391824,53743.55,101693.77,0.3457570549981176,,,,,,,,,,,,,0.4666666666666667,7.0,8.0,0.4666666666666667,13935.0,43237.0,0.24373819352130413,14054.0,43650.0,0.2435533065298766,27767.0,104436.0,0.21003305522567567,53873.0,211424.0,0.2030667516029205,,,,,,,,,,,,
98,0.59,1,0,1,505036,100574,50215,57741,0.931620289747675,0.3647222309951679,57741.0,100574.0,0.3647222309951679,53599.0,87707.2,0.37931102810775463,52231.65,83468.2,0.38490573128857547,52744.42,86959.58,0.3775440932256771,53204.81,99579.52,0.3482347306166803,,,,,,,,,,,,,1.0,1.0,0.0,1.0,13935.0,43239.0,0.24372966733130444,14052.0,43647.0,0.24353974938907086,27744.0,104356.0,0.2100227100681302,53874.0,211425.0,0.20306899008288762,,,,,,,,,,,,
99,0.5917,0,1,0,505037,100573,50215,57741,0.9316110267145874,0.3647245347853001,57741.0,100573.0,0.3647245347853001,52211.0,83401.7,0.38500081482044085,51533.2,81302.55,0.38794676884799456,52189.62,84872.7,0.38077292139809105,52666.08,97465.27,0.3508000161192183,,,,,,,,,,,,,0.0,0.0,1.0,0.0,13880.0,43055.0,0.24378677439185037,13969.0,43313.0,0.24386369191019866,27740.0,104344.0,0.2100178674177039,53873.0,211425.0,0.20306598617403826,,,,,,,,,,,,
100,0.6,13840,42958,13840,547995,57615,64055,43901,0.5336896513394346,0.4324539973994247,43901.0,57615.0,0.4324539973994247,50822.4,79095.1,0.3911897935228126,50834.7,79136.85,0.3911217493366817,51634.84,82786.2,0.3841276633479402,52127.97,95355.83,0.3534487855615329,54370.415,148797.81,0.26761278738346017,,,,,,,,,,0.24367055177999225,13840.0,42958.0,0.24367055177999225,13886.0,43066.0,0.24381935665121507,13970.0,43314.0,0.2438726345925564,27739.0,104325.0,0.2100421007996123,53811.0,210944.0,0.20324828615134746,101258.0,602136.0,0.143956303295166,,,,,,,,,
101,0.6033,1,0,1,547995,57615,64056,43900,0.5336896513394346,0.4324484066394129,43900.0,57615.0,0.4324484066394129,49436.2,74794.8,0.3979377128092022,50136.15,76971.1,0.3944397349482425,50806.72,80143.48,0.38798505080557344,51589.81,93246.48,0.35619394835368956,53874.74,146169.885,0.26931360940090243,,,,,,,,,,1.0,1.0,0.0,1.0,13862.0,43003.0,0.24377033324540578,13971.0,43315.0,0.2438815766504905,41406.0,132136.0,0.23859353931613098,53816.0,210935.0,0.20327024260531593,99135.0,525585.0,0.15868709181713408,,,,,,,,,
102,0.6083,0,4,0,547999,57611,64056,43900,0.5336525992070844,0.43246544709440354,43900.0,57611.0,0.43246544709440354,48050.0,70495.6,0.40532925726471497,49437.65,74806.05,0.3979087068398639,49978.56,77500.74,0.3920523567355641,51051.94,91139.82,0.35903585411700367,53379.04,143541.96,0.2710682964234388,,,,,,,,,,0.0,0.0,4.0,0.0,13862.0,42992.0,0.24381749744960776,13970.0,43301.0,0.2439279914791081,41408.0,132137.0,0.2386009392376617,53787.0,210666.0,0.20338963823439327,99140.0,525585.0,0.15869382528312456,,,,,,,,,
103,0.6133,0,1,0,548000,57610,64056,43900,0.5336433361739968,0.4324697074179884,43900.0,57610.0,0.4324697074179884,46664.5,66197.1,0.41346658207929,48733.55,72627.95,0.4015569187922035,49150.38,74858.02,0.39634718293276905,50514.07,89033.18,0.36198542070875633,52883.325,140914.05,0.2728794701166618,,,,,,,,,,0.0,0.0,1.0,0.0,13855.0,42985.0,0.24375439831104856,14082.0,43562.0,0.24429255429879954,41409.0,132136.0,0.23860670143190527,53787.0,210664.0,0.20339117643722276,99143.0,525582.0,0.15869862739605425,,,,,,,,,
104,0.6167,6,12,6,548012,57598,64062,43894,0.5335321797769461,0.43248728963859223,43894.0,57598.0,0.43248728963859223,45277.2,61895.4,0.4224699223495557,48032.2,70459.0,0.40536512416111914,48590.66,73416.44,0.398260920880834,49976.19,86926.51,0.365048972737572,52354.2,138268.915,0.27464769946708717,,,,,,,,,,0.3333333333333333,6.0,12.0,0.3333333333333333,13873.0,43017.0,0.24385656530145897,14027.0,43379.0,0.24434728077204473,27986.0,72079.0,0.27967820916404335,53788.0,210667.0,0.20339188141649808,105825.0,529027.0,0.16669239444783981,,,,,,,,,
105,0.62,0,2,0,548014,57596,64062,43894,0.5335136537107711,0.4324958123953099,43894.0,57596.0,0.4324958123953099,43889.8,57593.6,0.4324825537969757,47330.75,68290.1,0.4093617197936185,48030.84,71974.58,0.4002389225419985,49438.43,84820.72,0.3682313644917311,,,,,,,,,,,,,0.0,0.0,2.0,0.0,13874.0,43018.0,0.24386556985164873,14029.0,43378.0,0.244377863326772,27991.0,72093.0,0.27967507293873145,53776.0,210579.0,0.2034234268313442,,,,,,,,,,,,
106,0.625,7,6,7,548020,57590,64069,43887,0.5334580755122458,0.4324822373542773,43887.0,57590.0,0.4324822373542773,43886.3,57587.4,0.4324894036582878,46630.4,66124.0,0.41355725364154305,47471.0,70532.78,0.40228372345360464,48900.7,82715.23,0.3715408917446391,,,,,,,,,,,,,0.5384615384615384,7.0,6.0,0.5384615384615384,35.0,62.0,0.36082474226804123,14007.0,43322.0,0.24432660608069215,27992.0,72090.0,0.27969065366399554,53773.0,210549.0,0.20343747399005757,,,,,,,,,,,,
107,0.63,0,1,0,548021,57589,64069,43887,0.5334488124791582,0.43248649927076355,43887.0,57589.0,0.43248649927076355,43882.8,57581.0,0.43249710734271735,45927.25,63951.5,0.4179811838048758,46911.32,69091.1,0.4043994944243404,48362.98,80609.93,0.3749855686748481,,,,,,,,,,,,,0.0,0.0,1.0,0.0,35.0,64.0,0.35353535353535354,14063.0,43450.0,0.2445186305704797,27984.0,72084.0,0.27964983811008515,53772.0,210530.0,0.20344908475910134,,,,,,,,,,,,
108,0.6333,19,32,19,548053,57557,64088,43868,0.5331523954203564,0.43251663790978556,43868.0,57557.0,0.43251663790978556,43868.1,57548.7,0.4325525948363585,45224.45,61779.25,0.42264379642946925,46351.56,67649.32,0.40658949299338737,47702.3,78339.71,0.37846349800356244,,,,,,,,,,,,,0.37254901960784315,19.0,32.0,0.37254901960784315,147.0,323.0,0.3127659574468085,14056.0,43445.0,0.24444792264482357,27988.0,72089.0,0.2796646582131759,66068.0,227022.0,0.22541881333378824,,,,,,,,,,,,
109,0.64,1,2,1,548055,57555,64089,43867,0.5331338693541813,0.4325195716905602,43867.0,57555.0,0.4325195716905602,43853.4,57516.3,0.4326085605461987,44521.7,59606.95,0.4275643638902454,45791.86,66207.64,0.40885771811481303,47161.12,76840.19,0.38032759492621493,,,,,,,,,,,,,0.3333333333333333,1.0,2.0,0.3333333333333333,147.0,324.0,0.31210191082802546,14055.0,43446.0,0.24443053164292794,27985.0,72084.0,0.27965703664471514,54118.0,149952.0,0.2651933160190131,,,,,,,,,,,,
110,0.6417,1,2,1,548057,57553,64090,43866,0.5331153432880062,0.43252250564489886,43866.0,57553.0,0.43252250564489886,43839.1,57485.1,0.4326616938500378,43817.75,57432.2,0.4327681149472173,45232.16,64765.94,0.41120855723871597,46619.94,75340.68,0.38225404232940113,,,,,,,,,,,,,0.3333333333333333,1.0,2.0,0.3333333333333333,143.0,312.0,0.3142857142857143,14079.0,43495.0,0.2445374648278737,27985.0,72085.0,0.2796542420305786,54118.0,149951.0,0.2651946155467023,,,,,,,,,,,,
111,0.6467,1,2,1,548059,57551,64091,43865,0.5330968172218311,0.43252543977281693,43865.0,57551.0,0.43252543977281693,43824.6,57453.2,0.43271674542693467,43805.55,57404.6,0.43281775592665367,44672.34,63324.54,0.4136447275143504,46078.83,73841.3,0.3842459977319905,,,,,,,,,,,,,0.3333333333333333,1.0,2.0,0.3333333333333333,145.0,319.0,0.3125,244.0,552.0,0.3065326633165829,27991.0,72070.0,0.2797393589910155,54111.0,149938.0,0.26518630328989606,,,,,,,,,,,,
112,0.65,112,263,112,548322,57288,64203,43753,0.5306606395198044,0.4330222384972437,43753.0,57288.0,0.4330222384972437,43804.5,57407.4,0.4327998980357053,43793.15,57376.2,0.43286973772194837,44112.54,61883.1,0.41617315580150277,45537.58,72341.98,0.3863059889263245,,,,,,,,,,,,,0.2986666666666667,112.0,263.0,0.2986666666666667,201.0,458.0,0.30500758725341426,248.0,568.0,0.30392156862745096,27990.0,72072.0,0.27972656952689334,54125.0,149932.0,0.2652445150129621,,,,,,,,,,,,
113,0.6521,0,2,0,548324,57286,64203,43753,0.5306421134536292,0.4330308098852918,43753.0,57286.0,0.4330308098852918,43784.4,57361.4,0.432884014956627,43780.7,57348.0,0.4329206249066783,43552.78,60441.72,0.4187988787868589,44996.32,70842.69,0.38843840257267387,,,,,,,,,,,,,0.0,0.0,2.0,0.0,201.0,460.0,0.3040847201210287,249.0,564.0,0.3062730627306273,27988.0,72069.0,0.2797205592812097,54126.0,149929.0,0.26525201538800813,,,,,,,,,,,,
114,0.6583,2,0,2,548324,57286,64205,43751,0.5306421134536292,0.43301958688401276,43751.0,57286.0,0.43301958688401276,43766.2,57318.5,0.43296562189925875,43768.05,57319.65,0.4329710736321036,42995.02,59007.64,0.4215088116329515,44455.06,69343.4,0.39064728995453896,,,,,,,,,,,,,1.0,2.0,0.0,1.0,182.0,429.0,0.2978723404255319,253.0,567.0,0.30853658536585366,27888.0,71704.0,0.2800224917664069,54126.0,149929.0,0.26525201538800813,,,,,,,,,,,,
115,0.66,2,9,2,548333,57277,64207,43749,0.5305587461558413,0.43304693841189396,43749.0,57277.0,0.43304693841189396,43745.7,57270.8,0.43305499596600555,43755.65,57291.9,0.43302039485370997,42435.2,57570.14,0.42432934081320056,43913.82,67844.68,0.392934944545605,,,,,,,,,,,,,0.18181818181818182,2.0,9.0,0.18181818181818182,205.0,477.0,0.30058651026392963,248.0,555.0,0.30884184308841844,27991.0,71875.0,0.2802855826807923,54124.0,149872.0,0.26531892782211414,,,,,,,,,,,,
116,0.6667,63,145,63,548478,57132,64270,43686,0.5292156063581459,0.43331547937868237,43686.0,57132.0,0.43331547937868237,43724.8,57221.8,0.433147822710225,43059.9,55873.6,0.43524084359696164,41875.38,56132.64,0.4272648299598339,43372.58,66345.99,0.3953075582374068,,,,,,,,,,,,,0.30288461538461536,63.0,145.0,0.30288461538461536,209.0,490.0,0.2989985693848355,13915.0,28366.0,0.32910763700007095,27991.0,71875.0,0.2802855826807923,54124.0,149869.0,0.26532282970494087,,,,,,,,,,,,
117,0.6683,0,3,0,548481,57129,64270,43686,0.5291878172588832,0.43332837375390565,43686.0,57129.0,0.43332837375390565,43703.5,57171.4,0.43324454348901464,42364.35,54455.55,0.43755829121905726,41315.6,54695.44,0.4303213463784998,42831.35,64847.31,0.39777008740636255,,,,,,,,,,,,,0.0,0.0,3.0,0.0,213.0,504.0,0.29707112970711297,13911.0,28361.0,0.329083080999243,27989.0,71860.0,0.28031327304229386,54123.0,149868.0,0.2653205288468609,,,,,,,,,,,,
118,0.6714,0,1,0,548482,57128,64270,43686,0.5291785542257957,0.4333326720495169,43686.0,57128.0,0.4333326720495169,43693.3,57147.3,0.43329075788918353,41668.75,53037.5,0.4399788820695572,40755.8,53258.26,0.43350749877199224,42290.05,63348.44,0.4003280433107289,,,,,,,,,,,,,0.0,0.0,1.0,0.0,102.0,241.0,0.29737609329446063,13912.0,28361.0,0.32909895204977174,27990.0,71859.0,0.28032328816512936,54130.0,149887.0,0.2653210271693045,,,,,,,,,,,,
119,0.675,24,50,24,548532,57078,64294,43662,0.528715402571418,0.43341274568195354,43662.0,57078.0,0.43341274568195354,43682.7,57123.0,0.43333561495034506,40974.1,51620.95,0.4425085358234593,40197.0,51824.72,0.43682078535371865,41749.65,61854.25,0.40297372975341667,,,,,,,,,,,,,0.32432432432432434,24.0,50.0,0.32432432432432434,106.0,243.0,0.3037249283667622,13893.0,28331.0,0.3290308829101933,27940.0,71677.0,0.2804742162482307,54040.0,149419.0,0.2656063383777567,,,,,,,,,,,,
120,0.68,5,15,5,548547,57063,64299,43657,0.5285764570751047,0.4334491660047657,43657.0,57063.0,0.4334491660047657,43672.2,57098.7,0.43338106536708515,40279.25,50203.75,0.4451582065139308,39637.1,50389.64,0.44028140972337776,41209.24,60360.06,0.40572535205027505,,,,,,,,,,,,,0.25,5.0,15.0,0.25,105.0,243.0,0.3017241379310345,13897.0,28344.0,0.3289931583059113,27995.0,71754.0,0.28065444265105416,54041.0,149419.0,0.2656099479013074,,,,,,,,,,,,
121,0.6833,5,16,5,548563,57047,64304,43652,0.5284282485457038,0.43348990556013467,43652.0,57047.0,0.43348990556013467,42295.2,54294.0,0.4378874656793927,39584.4,48786.65,0.447934023642358,39077.68,48955.84,0.44389546163779436,40668.84,58866.03,0.4085888694082787,,,,,,,,,,,,,0.23809523809523808,5.0,16.0,0.23809523809523808,13770.0,28047.0,0.32929191477150443,13897.0,28342.0,0.32900873600227276,27971.0,71690.0,0.2806614422893609,54040.0,149403.0,0.2656272272823346,,,,,,,,,,,,
122,0.6857,1,0,1,548563,57047,64305,43651,0.5284282485457038,0.43348427972750203,43651.0,57047.0,0.43348427972750203,40924.2,51503.7,0.4427689041945127,38889.6,47369.6,0.45084582282237723,38517.84,47521.54,0.44767686610479984,40128.78,57374.28,0.4115643139815304,,,,,,,,,,,,,1.0,1.0,0.0,1.0,13710.0,27903.0,0.3294643500829068,13896.0,28341.0,0.3290006392499467,27992.0,71715.0,0.2807425757469385,54006.0,149175.0,0.2658024126271649,,,,,,,,,,,,
123,0.6917,4,4,4,548567,57043,64309,43647,0.5283911964133536,0.43347899493494885,43647.0,57043.0,0.43347899493494885,39553.1,48713.6,0.4481089697473679,38200.2,45965.4,0.4538695143859248,37958.12,46087.36,0.45163785131573997,39588.19,55882.3,0.41466415433711507,,,,,,,,,,,,,0.5,4.0,4.0,0.5,13711.0,27901.0,0.32949629914447753,13788.0,28084.0,0.3292892625143294,27986.0,71709.0,0.28071618436230505,54059.0,149198.0,0.26596377984522057,,,,,,,,,,,,
124,0.6933,1,0,1,548567,57043,64310,43646,0.5283911964133536,0.43347336849109636,43646.0,57043.0,0.43347336849109636,38182.0,45923.4,0.4539779847667332,37510.8,44561.2,0.4570474705136953,37398.42,44653.16,0.45579158865679364,39047.66,54390.46,0.4178986049804941,,,,,,,,,,,,,1.0,1.0,0.0,1.0,13711.0,27902.0,0.3294883810347728,13788.0,28084.0,0.3292892625143294,27985.0,71710.0,0.28070615376899544,54053.0,149184.0,0.26596043043343487,,,,,,,,,,,,
125,0.7,13667,27813,13667,576380,29230,77977,29979,0.27075845714920893,0.5063250519346721,29979.0,29230.0,0.5063250519346721,36812.8,43136.7,0.46045065947879604,36821.5,43156.9,0.4603930561251538,36838.7,43218.88,0.460152555198396,38507.15,52898.8,0.42127618606885,,,,,,,,,,,,,0.3294840887174542,13667.0,27813.0,0.3294840887174542,13692.0,27867.0,0.3294593228903487,13786.0,28086.0,0.3292414978983569,27986.0,71714.0,0.28070210631895687,54051.0,149166.0,0.2659767637550008,,,,,,,,,,,,
126,0.7083,3,1,3,576381,29229,77980,29976,0.27074919411612136,0.5063085888016214,29976.0,29229.0,0.5063085888016214,35444.0,40351.5,0.46762670607094087,36131.6,41751.7,0.4639197363234481,36555.64,42643.64,0.461565307159358,37966.62,51407.15,0.4248071889548802,,,,,,,,,,,,,0.75,3.0,1.0,0.75,13688.0,27852.0,0.3295137217140106,13798.0,28104.0,0.3292921578922247,14153.0,28762.0,0.329791448211581,54053.0,149165.0,0.265985296578059,,,,,,,,,,,,
127,0.7133,1,1,1,576382,29228,77981,29975,0.27073993108303385,0.5063088019188217,29975.0,29228.0,0.5063088019188217,34075.7,37567.8,0.47562863344197304,35444.85,40353.5,0.4676203373820142,36272.58,42068.38,0.4630091334086282,37426.1,49915.49,0.4285026182829967,,,,,,,,,,,,,0.5,1.0,1.0,0.5,13683.0,27837.0,0.32955202312138726,13735.0,27964.0,0.3293843977073791,14153.0,28763.0,0.3297837636312797,54052.0,149166.0,0.26598037575411626,,,,,,,,,,,,
128,0.715,0,2,0,576384,29226,77981,29975,0.2707214050168587,0.5063259066569822,29975.0,29226.0,0.5063259066569822,32707.1,34783.5,0.48461711705037436,34758.1,38955.4,0.4715296383973085,35989.52,41493.18,0.4644845881725856,36885.11,48423.41,0.43237310880554486,,,,,,,,,,,,,0.0,0.0,2.0,0.0,13686.0,27843.0,0.3295528425919237,13735.0,27962.0,0.32940019665683384,14153.0,28760.0,0.3298068184466246,54099.0,149208.0,0.26609511723649454,,,,,,,,,,,,
129,0.7167,5,15,5,576399,29211,77986,29970,0.2705824595205454,0.5064125310488163,29970.0,29211.0,0.5064125310488163,31338.9,31999.4,0.49478593520823894,34071.25,37557.3,0.4756657785198779,35706.44,40917.92,0.46599332118402037,36478.11,47531.76,0.43421219435287783,,,,,,,,,,,,,0.25,5.0,15.0,0.25,13682.0,27841.0,0.3295041302410712,13737.0,27962.0,0.32943236048826113,14154.0,28763.0,0.32979938019898875,40700.0,89165.0,0.3134023793939861,,,,,,,,,,,,
130,0.7183,1,0,1,576399,29211,77987,29969,0.2705824595205454,0.5064041906049341,29969.0,29211.0,0.5064041906049341,29970.8,29215.1,0.506384121893897,33380.45,36153.1,0.4800625022021744,35423.46,40342.9,0.467535460328304,36071.11,46640.11,0.43610903091503184,,,,,,,,,,,,,1.0,1.0,0.0,1.0,13681.0,27843.0,0.3294721125132454,13816.0,28084.0,0.32973747016706445,14149.0,28751.0,0.3298135198135198,40700.0,89165.0,0.3134023793939861,,,,,,,,,,,,
131,0.7217,0,1,0,576400,29210,77987,29969,0.27057319648745787,0.5064127477652546,29969.0,29210.0,0.5064127477652546,29968.0,29209.4,0.5064095414803624,32689.9,34749.6,0.48472927586948306,35140.46,39767.92,0.4691125345388593,35664.1,45748.39,0.43806668976713525,,,,,,,,,,,,,0.0,0.0,1.0,0.0,28.0,57.0,0.32941176470588235,13811.0,28070.0,0.3297676750793916,14150.0,28749.0,0.3298445185202452,40701.0,89172.0,0.3133907740638932,,,,,,,,,,,,
132,0.725,4,6,4,576406,29204,77991,29965,0.2705176182889325,0.5064307323091484,29965.0,29204.0,0.5064307323091484,29965.5,29203.3,0.5064408945254931,31999.6,33346.85,0.4896914828579058,34857.58,39193.04,0.4707263760924622,35257.13,44856.73,0.44008777008123184,,,,,,,,,,,,,0.4,4.0,6.0,0.4,25.0,61.0,0.29069767441860467,13806.0,28055.0,0.329805785814959,14144.0,28744.0,0.3297892184293975,40697.0,89166.0,0.31338410478735285,,,,,,,,,,,,
133,0.7267,0,2,0,576408,29202,77991,29965,0.2704990922227574,0.5064478509980226,29965.0,29202.0,0.5064478509980226,29963.1,29197.2,0.5064730909072469,31309.3,31944.05,0.4949824791888493,34328.76,38288.28,0.4727369774367008,34850.14,43965.07,0.4421753110852588,,,,,,,,,,,,,0.0,0.0,2.0,0.0,24.0,61.0,0.2823529411764706,13806.0,28056.0,0.32979790741006165,26441.0,45238.0,0.36888070425089636,40699.0,89166.0,0.31339467908982405,,,,,,,,,,,,
134,0.73,0,2,0,576410,29200,77991,29965,0.27048056615658234,0.5064649708442491,29965.0,29200.0,0.5064649708442491,29960.5,29191.2,0.5065027716870352,30618.95,30541.3,0.5006348077386865,33800.32,37384.14,0.4748272305500386,34443.17,43073.46,0.4443326548122641,,,,,,,,,,,,,0.0,0.0,2.0,0.0,26.0,60.0,0.3023255813953488,13807.0,28055.0,0.32982179542305673,26422.0,45207.0,0.3688729425232797,40697.0,89161.0,0.31339617120239033,,,,,,,,,,,,
135,0.7333,14,27,14,576437,29173,78005,29951,0.27023046426321834,0.5065793924632975,29951.0,29173.0,0.5065793924632975,29948.1,29169.5,0.506585179371287,29925.9,29134.65,0.5066986338596576,33271.9,36480.02,0.4770033570402077,34036.19,42181.86,0.44656337967187565,,,,,,,,,,,,,0.34146341463414637,14.0,27.0,0.34146341463414637,124.0,217.0,0.36363636363636365,13861.0,28133.0,0.330070962518455,26421.0,45206.0,0.3688692811370014,40698.0,89160.0,0.3134038719216375,,,,,,,,,,,,
136,0.7417,0,5,0,576442,29168,78005,29951,0.2701841490977806,0.5066222365060302,29951.0,29168.0,0.5066222365060302,29935.8,29147.7,0.5066693746985199,29916.2,29118.6,0.5067553375297282,32743.5,35575.92,0.47927075493322396,33629.26,41290.68,0.44886928633418555,,,,,,,,,,,,,0.0,0.0,5.0,0.0,123.0,218.0,0.36070381231671556,194.0,321.0,0.3766990291262136,26420.0,45205.0,0.3688656195462478,40693.0,89118.0,0.3134788269098921,,,,,,,,,,,,
137,0.7425,0,1,0,576443,29167,78005,29951,0.27017488606469303,0.5066308061842417,29951.0,29167.0,0.5066308061842417,29923.5,29125.9,0.5067536672684227,29905.25,29100.5,0.5068192506662487,32214.82,34671.68,0.4816341115172718,33117.76,40313.81,0.4510016604574844,,,,,,,,,,,,,0.0,0.0,1.0,0.0,123.0,218.0,0.36070381231671556,219.0,362.0,0.3769363166953528,26434.0,45212.0,0.3689529073500265,51150.0,97687.0,0.3436645457782675,,,,,,,,,,,,
138,0.7433,2,1,2,576444,29166,78007,29949,0.27016562303160546,0.5066226845978178,29949.0,29166.0,0.5066226845978178,29911.5,29104.6,0.5068362701025653,29894.3,29082.35,0.5068836564979531,31688.36,33772.7,0.4840795428610536,32606.26,39336.98,0.45322201224187286,,,,,,,,,,,,,0.6666666666666666,2.0,1.0,0.6666666666666666,120.0,213.0,0.36036036036036034,219.0,363.0,0.37628865979381443,26323.0,44949.0,0.36933157481198786,51150.0,97683.0,0.3436737820241479,,,,,,,,,,,,
139,0.75,103,172,103,576616,28994,78110,29846,0.2685723813405462,0.5072399728076139,29846.0,28994.0,0.5072399728076139,29899.0,29083.2,0.5069156457371885,29883.35,29064.25,0.5069476959197661,31161.9,32873.74,0.48663369336200907,32095.75,38363.75,0.4555205472647407,,,,,,,,,,,,,0.37454545454545457,103.0,172.0,0.37454545454545457,125.0,214.0,0.3687315634218289,219.0,362.0,0.3769363166953528,26323.0,44948.0,0.36933675688568984,51051.0,97323.0,0.3440697157183873,,,,,,,,,,,,
140,0.7517,0,1,0,576617,28993,78110,29846,0.2685631183074586,0.507248593619878,29846.0,28993.0,0.507248593619878,29881.0,29054.2,0.507014483704136,29872.6,29046.65,0.507009169329209,30635.38,31974.68,0.4893044344630879,31585.21,37390.51,0.4579178006405732,,,,,,,,,,,,,0.0,0.0,1.0,0.0,180.0,290.0,0.3829787234042553,215.0,352.0,0.37918871252204583,26326.0,44953.0,0.3693373924998948,51054.0,97324.0,0.34408065885778216,,,,,,,,,,,,
141,0.7548,0,1,0,576618,28992,78110,29846,0.26855385527437103,0.5072572147251776,29846.0,28992.0,0.5072572147251776,29864.4,29027.8,0.5071028081817287,29861.55,29028.75,0.5070707739644729,30108.88,31075.8,0.49209834880234726,31074.66,36417.25,0.4604205155847567,,,,,,,,,,,,,0.0,0.0,1.0,0.0,166.0,264.0,0.386046511627907,221.0,358.0,0.38169257340241797,26325.0,44944.0,0.3693751841614166,51055.0,97326.0,0.3440804415659687,,,,,,,,,,,,
142,0.7583,1,1,1,576619,28991,78111,29845,0.26854459224128346,0.5072574614181794,29845.0,28991.0,0.5072574614181794,29845.0,28997.7,0.5071997036165914,29850.45,29010.85,0.5071320205296179,29583.64,30179.78,0.49501250095794386,30564.08,35444.08,0.463034873264154,,,,,,,,,,,,,0.5,1.0,1.0,0.5,194.0,301.0,0.39191919191919194,222.0,358.0,0.38275862068965516,26262.0,44801.0,0.369559405034969,51058.0,97317.0,0.3441145745577085,,,,,,,,,,,,
143,0.76,5,3,5,576622,28988,78116,29840,0.2685168031420208,0.5072414496498266,29840.0,28988.0,0.5072414496498266,29825.5,28967.5,0.5072967870324698,29839.55,28993.2,0.507192847521151,29058.26,29283.42,0.49807033325060235,30053.49,34470.93,0.46576923899509676,,,,,,,,,,,,,0.625,5.0,3.0,0.625,195.0,302.0,0.39235412474849096,218.0,353.0,0.38178633975481613,26269.0,44818.0,0.3695331073192004,51059.0,97315.0,0.3441236335206977,,,,,,,,,,,,
144,0.7667,55,78,55,576700,28910,78171,29785,0.2677942865611916,0.507453786523554,29785.0,28910.0,0.507453786523554,29806.2,28937.3,0.5073957118659937,29828.6,28975.45,0.5072541772207866,28532.86,28387.08,0.5012805705698213,29543.44,33499.62,0.4686231918311072,,,,,,,,,,,,,0.41353383458646614,55.0,78.0,0.41353383458646614,193.0,302.0,0.3898989898989899,219.0,355.0,0.38153310104529614,26270.0,44817.0,0.36954717458888403,51005.0,97131.0,0.3443119835826538,,,,,,,,,,,,
145,0.7714,0,1,0,576701,28909,78171,29785,0.267785023528104,0.5074624322758715,29785.0,28909.0,0.5074624322758715,29797.1,28923.8,0.5074360236304281,29817.6,28957.8,0.5073142845476168,28007.92,27491.72,0.5046504806157301,29033.39,32528.29,0.4716146472935761,,,,,,,,,,,,,0.0,0.0,1.0,0.0,91.0,135.0,0.4026548672566372,220.0,353.0,0.38394415357766143,26247.0,44768.0,0.36959797225938185,51005.0,97133.0,0.3443073350524511,,,,,,,,,,,,
146,0.775,28,42,28,576743,28867,78199,29757,0.26739597613842675,0.5075907478165939,29757.0,28867.0,0.5075907478165939,29787.3,28909.8,0.5074748156212147,29807.25,28941.5,0.5073682418774867,27483.04,26596.64,0.5081953147651761,28523.09,31557.29,0.4747488281532174,,,,,,,,,,,,,0.4,28.0,42.0,0.4,98.0,140.0,0.4117647058823529,207.0,326.0,0.3883677298311445,26244.0,44754.0,0.3696442153300093,51030.0,97100.0,0.3444947006008236,,,,,,,,,,,,
147,0.7767,1,2,1,576745,28865,78200,29756,0.26737745007225167,0.507599665648829,29756.0,28865.0,0.507599665648829,29777.4,28895.8,0.5075127997109413,29796.85,28925.4,0.5074201005581359,26958.26,25701.86,0.5119293309624057,28012.86,30586.45,0.478040782391465,,,,,,,,,,,,,0.3333333333333333,1.0,2.0,0.3333333333333333,99.0,140.0,0.41422594142259417,208.0,322.0,0.39245283018867927,26239.0,44739.0,0.36967792837217167,51023.0,97084.0,0.3445009351347337,,,,,,,,,,,,
148,0.7783,0,1,0,576746,28864,78200,29756,0.2673681870391641,0.5076083248038212,29756.0,28864.0,0.5076083248038212,29767.6,28881.8,0.5075516544073767,29171.6,28084.6,0.5094924217813966,26431.96,24805.02,0.5158766188014985,27502.7,29615.68,0.4815035020250924,,,,,,,,,,,,,0.0,0.0,1.0,0.0,98.0,140.0,0.4117647058823529,12505.0,16816.0,0.4264861362163637,26315.0,44842.0,0.3698160405863091,51016.0,97077.0,0.34448623500097914,,,,,,,,,,,,
149,0.78,1,5,1,576751,28859,78201,29755,0.26732187187372636,0.5076432251680486,29755.0,28859.0,0.5076432251680486,29758.2,28867.7,0.5075947661357864,28546.45,27243.8,0.5116745309440269,25905.7,23908.22,0.5200494159062367,26992.28,28644.7,0.48514998477631244,,,,,,,,,,,,,0.16666666666666666,1.0,5.0,0.16666666666666666,94.0,141.0,0.4,12503.0,16816.0,0.42644701388178313,26313.0,44840.0,0.36980872204966764,51042.0,97098.0,0.34455245038477117,,,,,,,,,,,,
150,0.7833,7,6,7,576757,28853,78208,29748,0.267266293675201,0.5076363884575349,29748.0,28853.0,0.5076363884575349,29754.2,28861.4,0.5076157200472229,27926.45,26411.55,0.5139396002797306,25379.46,23011.4,0.5244680503714958,26481.85,27673.71,0.4889959590483415,,,,,,,,,,,,,0.5384615384615384,7.0,6.0,0.5384615384615384,40.0,63.0,0.3883495145631068,12400.0,16645.0,0.42692373902564984,26312.0,44841.0,0.3697946678284823,51043.0,97099.0,0.3445545490137841,,,,,,,,,,,,
151,0.7857,1,1,1,576758,28852,78209,29747,0.2672570306421135,0.507636649089575,29747.0,28852.0,0.507636649089575,29750.1,28855.2,0.5076349749937292,27306.45,25579.3,0.5163290678490898,25126.52,22670.82,0.5256886680304804,26109.76,27132.24,0.49039780624319146,,,,,,,,,,,,,0.5,1.0,1.0,0.5,41.0,62.0,0.39805825242718446,12400.0,16645.0,0.42692373902564984,12647.0,17029.0,0.4261692950532417,37209.0,54147.0,0.4072967292788651,,,,,,,,,,,,
152,0.7867,0,1,0,576759,28851,78209,29747,0.2672477676090259,0.5076453121266937,29747.0,28851.0,0.5076453121266937,29748.7,28853.1,0.5076414035063769,26685.7,24746.65,0.5188504900126087,24873.64,22330.24,0.5269405820030048,25737.63,26590.76,0.4918483064355697,,,,,,,,,,,,,0.0,0.0,1.0,0.0,14.0,21.0,0.4,12415.0,16653.0,0.4271019677996422,12644.0,17029.0,0.4261112796144643,37213.0,54148.0,0.4073182211227986,,,,,,,,,,,,
153,0.7917,1,4,1,576763,28847,78210,29746,0.2672107154766757,0.5076715648626969,29746.0,28847.0,0.5076715648626969,28517.7,27201.7,0.511809172388791,26064.95,23914.05,0.5215180375757819,24619.84,21988.8,0.5282248098206684,25365.47,26049.31,0.4933497721861302,,,,,,,,,,,,,0.2,1.0,4.0,0.2,12310.0,16514.0,0.42707466000555094,12415.0,16652.0,0.4271166615061754,12690.0,17072.0,0.42638263557556616,37216.0,54145.0,0.4073510578912227,,,,,,,,,,,,
154,0.7933,1,0,1,576763,28847,78211,29745,0.2672107154766757,0.5076631622064446,29745.0,28847.0,0.5076631622064446,27286.7,25550.3,0.5164316672029071,25444.45,23081.55,0.5243467419527676,24365.56,21647.08,0.5295405784149747,24926.47,25473.21,0.4945759576251278,,,,,,,,,,,,,1.0,1.0,0.0,1.0,12310.0,16514.0,0.42707466000555094,12410.0,16650.0,0.4270474879559532,12714.0,17086.0,0.4266442953020134,43900.0,57610.0,0.4324697074179884,,,,,,,,,,,,
155,0.7955,1,0,1,576763,28847,78212,29744,0.2672107154766757,0.5076547592633681,29744.0,28847.0,0.5076547592633681,26055.8,23899.3,0.5215843827757326,24826.45,22252.7,0.5273342870463888,24111.38,21305.64,0.53088864042599,,,,,,,,,,,,,,,,1.0,1.0,0.0,1.0,12309.0,16510.0,0.4271140566987057,12360.0,16577.0,0.4271348101047102,12709.0,17072.0,0.42674859809945936,,,,,,,,,,,,,,,
156,0.7967,1,1,1,576764,28846,78213,29743,0.2672014524435881,0.5076550205670006,29743.0,28846.0,0.5076550205670006,24825.6,22248.8,0.5273694407151234,24208.4,21423.9,0.5305101868632526,23857.2,20964.0,0.5322749056250168,,,,,,,,,,,,,,,,0.5,1.0,1.0,0.5,12302.0,16505.0,0.42704898115041484,12361.0,16576.0,0.42716936793724297,12709.0,17082.0,0.4266053506092444,,,,,,,,,,,,,,,
157,0.8,12297,16495,12297,593259,12351,90510,17446,0.11440772166438179,0.5854951840789341,17446.0,12351.0,0.5854951840789341,23594.0,20597.5,0.5339035787425184,23591.75,20597.1,0.5338846790536527,23602.94,20622.36,0.5336976798348456,,,,,,,,,,,,,,,,0.4270978049458183,12297.0,16495.0,0.4270978049458183,12316.0,16513.0,0.4272087134482639,12333.0,16536.0,0.4272056531227268,12713.0,17082.0,0.42668232924987415,,,,,,,,,,,,,,,
158,0.8024,0,1,0,593260,12350,90510,17446,0.11439845863129423,0.5855148342059336,17446.0,12350.0,0.5855148342059336,22362.3,18946.3,0.5413473223493414,22974.8,19769.4,0.5374951455402137,23348.72,20280.82,0.5351585187467024,,,,,,,,,,,,,,,,0.0,0.0,1.0,0.0,12317.0,16512.0,0.4272434007423081,12339.0,16554.0,0.42705845706572526,12711.0,17077.0,0.42671545588827714,,,,,,,,,,,,,,,
159,0.81,0,1,0,593261,12349,90510,17446,0.11438919559820668,0.585534485651955,17446.0,12349.0,0.585534485651955,21130.7,17295.4,0.5499048823586051,22357.8,18941.75,0.5413569881512026,23094.48,19939.28,0.5366595900520894,,,,,,,,,,,,,,,,0.0,0.0,1.0,0.0,12316.0,16509.0,0.42726799653078923,12340.0,16553.0,0.42709306752500603,12712.0,17077.0,0.4267347007284568,,,,,,,,,,,,,,,
160,0.8133,0,1,0,593262,12348,90510,17446,0.11437993256511912,0.585554138417131,17446.0,12348.0,0.585554138417131,19898.7,15644.0,0.5598533594802871,21740.8,18114.3,0.5454960594754498,22840.22,19597.78,0.538202083038786,,,,,,,,,,,,,,,,0.0,0.0,1.0,0.0,12320.0,16514.0,0.4272733578414372,12340.0,16549.0,0.4271522032607567,12713.0,17075.0,0.4267825970189338,,,,,,,,,,,,,,,
161,0.8167,15,9,15,593271,12339,90525,17431,0.11429656526733113,0.5855223379240847,17431.0,12339.0,0.5855223379240847,18666.7,13992.6,0.5715584841071303,21124.05,17287.1,0.5499457839715812,22586.18,19256.82,0.5397839543053796,,,,,,,,,,,,,,,,0.625,15.0,9.0,0.625,12320.0,16514.0,0.4272733578414372,12335.0,16544.0,0.4271269780809585,12702.0,17048.0,0.4269579831932773,,,,,,,,,,,,,,,
162,0.8214,1,0,1,593271,12339,90526,17430,0.11429656526733113,0.5855084147939131,17430.0,12339.0,0.5855084147939131,17434.8,12341.1,0.58553393852075,20507.35,16459.9,0.554743725865462,22122.98,18744.52,0.5413343121061969,,,,,,,,,,,,,,,,1.0,1.0,0.0,1.0,12319.0,16515.0,0.4272386765623916,12334.0,16544.0,0.4271071403836831,23160.0,25615.0,0.47483341875961044,,,,,,,,,,,,,,,
163,0.8217,0,1,0,593272,12338,90526,17430,0.11428730223424358,0.5855280838484278,17430.0,12338.0,0.5855280838484278,17431.9,12337.1,0.5855722395780847,19886.8,15627.6,0.5599644088031897,21659.74,18232.24,0.5429597628395482,,,,,,,,,,,,,,,,0.0,0.0,1.0,0.0,29.0,40.0,0.42028985507246375,12411.0,16646.0,0.42712599373644905,23162.0,25614.0,0.4748646875512547,,,,,,,,,,,,,,,
164,0.825,5,5,5,593277,12333,90531,17425,0.11424098706880581,0.5855568250554473,17425.0,12333.0,0.5855568250554473,17428.9,12333.2,0.5856071984167784,19266.2,14795.4,0.5656281560466919,21196.48,17719.86,0.5446678695889696,,,,,,,,,,,,,,,,0.5,5.0,5.0,0.5,30.0,39.0,0.43478260869565216,12412.0,16644.0,0.4271751101321586,23163.0,25619.0,0.4748267803698085,,,,,,,,,,,,,,,
165,0.8267,1,0,1,593277,12333,90532,17424,0.11424098706880581,0.5855428974695029,17424.0,12333.0,0.5855428974695029,17425.8,12329.3,0.5856407809081469,18645.65,13963.15,0.5717981035794019,20735.22,17210.88,0.5464387644580075,,,,,,,,,,,,,,,,1.0,1.0,0.0,1.0,31.0,39.0,0.44285714285714284,12411.0,16645.0,0.4271406938325991,23063.0,25449.0,0.4754081464379947,,,,,,,,,,,,,,,
166,0.83,0,2,0,593279,12331,90532,17424,0.1142224610026307,0.5855822550831793,17424.0,12331.0,0.5855822550831793,17422.5,12325.4,0.5856715936250962,18025.05,13130.85,0.5785437108220273,20273.94,16701.86,0.5483029440877546,,,,,,,,,,,,,,,,0.0,0.0,2.0,0.0,33.0,39.0,0.4583333333333333,12412.0,16646.0,0.42714570858283435,23064.0,25451.0,0.47539936102236424,,,,,,,,,,,,,,,
167,0.8333,7,20,7,593299,12311,90539,17417,0.11403720034087962,0.5858786329386437,17417.0,12311.0,0.5858786329386437,17420.7,12322.3,0.5857075614430286,17404.5,12298.55,0.5859499277010274,19812.56,16192.72,0.5502681828887319,,,,,,,,,,,,,,,,0.25925925925925924,7.0,20.0,0.25925925925925924,18.0,31.0,0.3673469387755102,12411.0,16646.0,0.42712599373644905,23069.0,25457.0,0.4753946338045584,,,,,,,,,,,,,,,
168,0.8381,1,0,1,593299,12311,90540,17416,0.11403720034087962,0.5858647021226494,17416.0,12311.0,0.5858647021226494,17411.3,12308.9,0.5858406067253922,17396.45,12288.8,0.586030099123302,19351.18,15683.6,0.5523419870197558,,,,,,,,,,,,,,,,1.0,1.0,0.0,1.0,94.0,134.0,0.41228070175438597,161.0,195.0,0.45224719101123595,23069.0,25456.0,0.4754044307058217,,,,,,,,,,,,,,,
169,0.84,1,1,1,593300,12310,90541,17415,0.11402793730779207,0.5858704793944491,17415.0,12310.0,0.5858704793944491,17401.7,12295.4,0.5859730411386971,17387.2,12278.3,0.5861084424668386,18889.88,15174.52,0.5545343525792323,,,,,,,,,,,,,,,,0.5,1.0,1.0,0.5,96.0,135.0,0.4155844155844156,185.0,210.0,0.46835443037974683,23065.0,25454.0,0.4753807786640285,,,,,,,,,,,,,,,
170,0.8467,2,1,2,593301,12309,90543,17413,0.11401867427470451,0.5858623242042931,17413.0,12309.0,0.5858623242042931,17392.6,12282.3,0.5861047551971531,17377.95,12267.8,0.5861868901950533,18429.68,14666.94,0.5568447775029595,,,,,,,,,,,,,,,,0.6666666666666666,2.0,1.0,0.6666666666666666,91.0,131.0,0.4099099099099099,185.0,210.0,0.46835443037974683,23010.0,25379.0,0.47552129616235095,,,,,,,,,,,,,,,
171,0.8478,0,1,0,593302,12308,90543,17413,0.11400941124161695,0.5858820362706504,17413.0,12308.0,0.5858820362706504,17383.4,12269.1,0.5862372481241043,17368.65,12256.85,0.5862736493898838,17968.5,14158.74,0.5592917412139978,,,,,,,,,,,,,,,,0.0,0.0,1.0,0.0,92.0,132.0,0.4107142857142857,186.0,219.0,0.45925925925925926,23059.0,25410.0,0.47574738492644786,,,,,,,,,,,,,,,
172,0.85,77,103,77,593405,12205,90620,17336,0.11305531883359887,0.5868454013066585,17336.0,12205.0,0.5868454013066585,17374.2,12256.0,0.5863679624167235,17359.9,12246.3,0.5863602893988422,17507.88,13651.36,0.5618840510872537,,,,,,,,,,,,,,,,0.42777777777777776,77.0,103.0,0.42777777777777776,92.0,131.0,0.4125560538116592,175.0,211.0,0.4533678756476684,23031.0,25369.0,0.4758471074380165,,,,,,,,,,,,,,,
173,0.855,2,2,2,593407,12203,90622,17334,0.11303679276742376,0.5868571622033382,17334.0,12203.0,0.5868571622033382,17361.0,12240.5,0.5864905494653987,17351.1,12235.7,0.5864473346221963,17047.28,13144.0,0.564642506048104,,,,,,,,,,,,,,,,0.5,2.0,2.0,0.5,132.0,155.0,0.45993031358885017,176.0,212.0,0.4536082474226804,23030.0,25368.0,0.4758461093433613,,,,,,,,,,,,,,,
174,0.8557,0,1,0,593408,12202,90622,17334,0.1130275297343362,0.5868770314192849,17334.0,12202.0,0.5868770314192849,17345.5,12223.4,0.5866129615914017,17342.25,12225.05,0.5865347867407575,16586.14,12636.24,0.5675834754048096,,,,,,,,,,,,,,,,0.0,0.0,1.0,0.0,155.0,171.0,0.4754601226993865,177.0,213.0,0.45384615384615384,23057.0,25388.0,0.47594178965837547,,,,,,,,,,,,,,,
175,0.86,2,1,2,593409,12201,90624,17332,0.11301826670124866,0.5868689262858497,17332.0,12201.0,0.5868689262858497,17330.1,12206.3,0.5867370431061334,17333.6,12214.65,0.5866201890128857,16125.0,12128.54,0.5707249427859306,,,,,,,,,,,,,,,,0.6666666666666666,2.0,1.0,0.6666666666666666,154.0,171.0,0.47384615384615386,173.0,208.0,0.4540682414698163,23057.0,25385.0,0.47597126460509476,,,,,,,,,,,,,,,
176,0.8633,0,1,0,593410,12200,90624,17332,0.1130090036681611,0.5868887985913586,17332.0,12200.0,0.5868887985913586,17314.8,12188.3,0.5868807006721327,17324.85,12204.25,0.586704301858167,15663.88,11620.84,0.5740898202363813,,,,,,,,,,,,,,,,0.0,0.0,1.0,0.0,153.0,180.0,0.4594594594594595,175.0,208.0,0.45691906005221933,23056.0,25385.0,0.47596044672901056,,,,,,,,,,,,,,,
177,0.8667,47,44,47,593454,12156,90671,17285,0.11260143021230871,0.5871064162222751,17285.0,12156.0,0.5871064162222751,17299.1,12170.3,0.5870190774158958,16793.2,11765.35,0.5880270531942272,15202.68,11113.14,0.577701169866643,,,,,,,,,,,,,,,,0.5164835164835165,47.0,44.0,0.5164835164835165,157.0,180.0,0.4658753709198813,10633.0,8778.0,0.5477821853588172,23060.0,25385.0,0.47600371555372073,,,,,,,,,,,,,,,
178,0.875,24,16,24,593470,12140,90695,17261,0.11245322168290785,0.5870888745280772,17261.0,12140.0,0.5870888745280772,17290.9,12162.5,0.587059558489003,16261.8,11327.45,0.5894252290294226,14741.42,10605.44,0.5815876207151497,,,,,,,,,,,,,,,,0.6,24.0,16.0,0.6,82.0,78.0,0.5125,10628.0,8758.0,0.5482306819354174,23063.0,25385.0,0.47603616248348746,,,,,,,,,,,,,,,
179,0.8767,0,1,0,593471,12139,90695,17261,0.11244395864982029,0.587108843537415,17261.0,12139.0,0.587108843537415,17282.8,12154.7,0.5871014861995754,15730.3,10889.25,0.5909303500622662,14146.5,10028.5,0.5851706308169596,,,,,,,,,,,,,,,,0.0,0.0,1.0,0.0,81.0,78.0,0.5094339622641509,10630.0,8764.0,0.5481076621635558,29746.0,28847.0,0.5076715648626969,,,,,,,,,,,,,,,
180,0.88,1,10,1,593481,12129,90696,17260,0.11235132831894476,0.5872945659940794,17260.0,12129.0,0.5872945659940794,17274.6,12147.0,0.5871400603638143,15198.7,10451.0,0.5925488407271821,,,,,,,,,,,,,,,,,,,0.09090909090909091,1.0,10.0,0.09090909090909091,82.0,77.0,0.5157232704402516,10632.0,8765.0,0.548125998865804,,,,,,,,,,,,,,,,,,
181,0.8833,4,1,4,593482,12128,90700,17256,0.1123420652858572,0.5872583719030765,17256.0,12128.0,0.5872583719030765,17266.3,12139.4,0.5871752755418168,14667.15,10012.65,0.5942977657841636,,,,,,,,,,,,,,,,,,,0.8,4.0,1.0,0.8,83.0,76.0,0.5220125786163522,10631.0,8767.0,0.5480461903288999,,,,,,,,,,,,,,,,,,
182,0.89,2,1,2,593483,12127,90702,17254,0.11233280225276965,0.5872502637759096,17254.0,12127.0,0.5872502637759096,16212.2,11274.7,0.589815512116681,14135.35,9574.0,0.5961930630742724,,,,,,,,,,,,,,,,,,,0.6666666666666666,2.0,1.0,0.6666666666666666,10541.0,8647.0,0.5493537627683969,10636.0,8773.0,0.5479931990313772,,,,,,,,,,,,,,,,,,
183,0.8917,1,2,1,593485,12125,90703,17253,0.11231427618659454,0.587276193069644,17253.0,12125.0,0.587276193069644,15162.6,10414.4,0.5928216757242836,13607.35,9140.5,0.5981818061926732,,,,,,,,,,,,,,,,,,,0.3333333333333333,1.0,2.0,0.3333333333333333,10496.0,8603.0,0.5495575684590817,10560.0,8670.0,0.5491419656786272,,,,,,,,,,,,,,,,,,
184,0.894,1,0,1,593485,12125,90704,17252,0.11231427618659454,0.5872621438540355,17252.0,12125.0,0.5872621438540355,14115.1,9555.1,0.5963236474554503,13079.4,8707.05,0.6003456276722459,,,,,,,,,,,,,,,,,,,1.0,1.0,0.0,1.0,10475.0,8593.0,0.5493496958254668,10559.0,8669.0,0.5491470771791138,,,,,,,,,,,,,,,,,,
185,0.8967,3,0,3,593485,12125,90707,17249,0.11231427618659454,0.5872199904677606,17249.0,12125.0,0.5872199904677606,13067.3,8695.7,0.6004365207002711,12551.45,8273.5,0.6027121313616599,,,,,,,,,,,,,,,,,,,1.0,3.0,0.0,1.0,10478.0,8594.0,0.54939177852349,10559.0,8671.0,0.5490899635985439,,,,,,,,,,,,,,,,,,
186,0.9,10458,8572,10458,602057,3553,101165,6791,0.03291155656008003,0.6565158546017015,6791.0,3553.0,0.6565158546017015,12019.5,7837.0,0.6053181577820864,12021.15,7838.4,0.6053082773778862,,,,,,,,,,,,,,,,,,,0.5495533368365738,10458.0,8572.0,0.5495533368365738,10478.0,8587.0,0.5495934959349593,10606.0,8702.0,0.5493059871555832,,,,,,,,,,,,,,,,,,
187,0.91,2,0,2,602057,3553,101167,6789,0.03291155656008003,0.6564494295107329,6789.0,3553.0,0.6564494295107329,10971.6,6977.7,0.6112550350152931,11490.85,7403.3,0.6081697244914431,,,,,,,,,,,,,,,,,,,1.0,2.0,0.0,1.0,10479.0,8593.0,0.5494442114093959,10606.0,8702.0,0.5493059871555832,,,,,,,,,,,,,,,,,,
188,0.9167,3,6,3,602063,3547,101170,6786,0.03285597836155471,0.6567308622858802,6786.0,3547.0,0.6567308622858802,9923.8,6118.5,0.6186020707753875,10962.9,6970.35,0.6113169670862783,,,,,,,,,,,,,,,,,,,0.3333333333333333,3.0,6.0,0.3333333333333333,10478.0,8592.0,0.5494493969585736,10559.0,8659.0,0.5494328233947341,,,,,,,,,,,,,,,,,,
189,0.925,3,2,3,602065,3545,101173,6783,0.0328374522953796,0.6567583268783889,6783.0,3545.0,0.6567583268783889,8876.0,5259.4,0.6279270484032995,10434.8,6537.15,0.6148262279820528,,,,,,,,,,,,,,,,,,,0.6,3.0,2.0,0.6,10478.0,8591.0,0.5494782107084797,10562.0,8664.0,0.5493602413398523,,,,,,,,,,,,,,,,,,
190,0.93,1,3,1,602068,3542,101174,6782,0.03280966319611694,0.6569159240604416,6782.0,3542.0,0.6569159240604416,7828.3,4400.0,0.6401789292052044,9906.65,6103.9,0.6187576316866067,,,,,,,,,,,,,,,,,,,0.25,1.0,3.0,0.25,10477.0,8594.0,0.5493681505951444,10563.0,8665.0,0.5493551071354275,,,,,,,,,,,,,,,,,,
191,0.9333,5,7,5,602075,3535,101179,6777,0.03274482196450406,0.6571955003878976,6777.0,3535.0,0.6571955003878976,6776.0,3537.4,0.6570093276707972,9378.25,5670.85,0.6231768012705079,,,,,,,,,,,,,,,,,,,0.4166666666666667,5.0,7.0,0.4166666666666667,10523.0,8626.0,0.5495326126690688,10568.0,8661.0,0.5495865619637007,,,,,,,,,,,,,,,,,,
192,0.94,1,0,1,602075,3535,101180,6776,0.03274482196450406,0.6571622539035981,6776.0,3535.0,0.6571622539035981,6769.5,3531.9,0.6571436892072923,8849.8,5237.8,0.6281978477526335,,,,,,,,,,,,,,,,,,,1.0,1.0,0.0,1.0,65.0,55.0,0.5416666666666666,10569.0,8661.0,0.549609984399376,,,,,,,,,,,,,,,,,,
193,0.9405,1,1,1,602076,3534,101181,6775,0.032735558931416504,0.6571927442040935,6775.0,3534.0,0.6571927442040935,6763.2,3526.3,0.6572914135769473,8321.3,4804.75,0.6339530932763474,,,,,,,,,,,,,,,,,,,0.5,1.0,1.0,0.5,63.0,56.0,0.5294117647058824,10570.0,8661.0,0.5496334043991472,,,,,,,,,,,,,,,,,,
194,0.9467,0,3,0,602079,3531,101181,6775,0.032707769832153843,0.6573840481273044,6775.0,3531.0,0.6573840481273044,6754.5,3519.2,0.6574554444844602,7458.65,4198.5,0.6398347795130027,,,,,,,,,,,,,,,,,,,0.0,0.0,3.0,0.0,87.0,71.0,0.5506329113924051,17253.0,12125.0,0.587276193069644,,,,,,,,,,,,,,,,,,
195,0.95,49,32,49,602111,3499,101230,6726,0.03241135277335211,0.6577995110024449,6726.0,3499.0,0.6577995110024449,6746.0,3512.1,0.6576266560084226,,,,,,,,,,,,,,,,,,,,,,0.6049382716049383,49.0,32.0,0.6049382716049383,85.0,71.0,0.5448717948717948,,,,,,,,,,,,,,,,,,,,,
196,0.9524,0,1,0,602112,3498,101230,6726,0.03240208974026455,0.6578638497652582,6726.0,3498.0,0.6578638497652582,6737.0,3504.7,0.6578009510139917,,,,,,,,,,,,,,,,,,,,,,0.0,0.0,1.0,0.0,90.0,74.0,0.5487804878048781,,,,,,,,,,,,,,,,,,,,,
197,0.96,0,1,0,602113,3497,101230,6726,0.032392826707177,0.6579282011151325,6726.0,3497.0,0.6579282011151325,6728.0,3497.9,0.6579371986817787,,,,,,,,,,,,,,,,,,,,,,0.0,0.0,1.0,0.0,90.0,68.0,0.569620253164557,,,,,,,,,,,,,,,,,,,,,
198,0.9667,27,21,27,602134,3476,101257,6699,0.03219830301233836,0.6583783783783784,6699.0,3476.0,0.6583783783783784,6718.8,3491.0,0.6580736155458482,,,,,,,,,,,,,,,,,,,,,,0.5625,27.0,21.0,0.5625,92.0,69.0,0.5714285714285714,,,,,,,,,,,,,,,,,,,,,
199,0.9714,1,2,1,602136,3474,101258,6698,0.03217977694616325,0.6584742430200551,6698.0,3474.0,0.6584742430200551,6041.3,3137.6,0.6581725479087909,,,,,,,,,,,,,,,,,,,,,,0.3333333333333333,1.0,2.0,0.3333333333333333,6775.0,3534.0,0.6571927442040935,,,,,,,,,,,,,,,,,,,,,
200,0.975,6,6,6,602142,3468,101264,6692,0.03212419874763792,0.6586614173228347,6692.0,3468.0,0.6586614173228347,,,,,,,,,,,,,,,,,,,,,,,,,0.5,6.0,6.0,0.5,,,,,,,,,,,,,,,,,,,,,,,,
201,0.98,5,1,5,602143,3467,101269,6687,0.032114935714550374,0.6585582036635809,6687.0,3467.0,0.6585582036635809,,,,,,,,,,,,,,,,,,,,,,,,,0.8333333333333334,5.0,1.0,0.8333333333333334,,,,,,,,,,,,,,,,,,,,,,,,
202,0.9833,3,1,3,602144,3466,101272,6684,0.03210567268146282,0.6585221674876848,6684.0,3466.0,0.6585221674876848,,,,,,,,,,,,,,,,,,,,,,,,,0.75,3.0,1.0,0.75,,,,,,,,,,,,,,,,,,,,,,,,
203,1.0,6684,3466,6684,605610,0,107956,0,0.0,,0.0,0.0,,,,,,,,,,,,,,,,,,,,,,,,,,0.6585221674876848,6684.0,3466.0,0.6585221674876848,,,,,,,,,,,,,,,,,,,,,,,,
